Nama,Kategori,Jumlah Porsi,Takaran Porsi,Kalori (kal),Lemak (g),Lemak Jenuh (g),Lemak Tak Jenuh Ganda (g),Lemak Tak Jenuh Tunggal (g),Kolestrol (g),Protein (g),Karbohidrat (g),Serat (g),Gula (g),Sodium (g),Kalium (g)
Alpukat,Buah Buahan,1.0,gram (g),0.24012158054711247,0.227061376317421,0.037156139676325625,0.14921939194741168,0.6476964769647697,0.0,0.055944055944055944,0.10356969402622632,0.08072289156626507,0.010153846153846156,0.0037095919448860626,0.2780963302752294
Guacamole,Buah Buahan,0.0,sdm,0.031914893617021274,0.03208307501549908,0.0052780593519521826,0.021199671322925228,0.09207482318725628,0.0,0.008111888111888111,0.015055852355512385,0.012048192771084338,0.0015384615384615387,0.011658717541070483,0.03956422018348624
Guacamole dengan Tomat,Buah Buahan,1.0,gram (g),0.17325227963525835,0.15390576565406078,0.02527176762557237,0.10336894001643386,0.4379007204706194,0.0,0.04531468531468532,0.09276347741622147,0.05903614457831326,0.02107692307692308,0.10651828298887123,0.22534403669724773
Guacamole dengan Tomat dan Cabe Paprika,Buah Buahan,0.0,mangkok,0.4012158054711246,0.351983880967142,0.05774406655248347,0.2368118323746919,1.0,0.0,0.10545454545454545,0.21551724137931036,0.13734939759036147,0.050923076923076925,0.24324324324324326,0.5235091743119267
Buah Anggur,Buah Buahan,0.0,tanpa biji,0.0015197568389057749,0.0,5.2431053165087906e-05,0.00016433853738701728,0.0,0.0,0.0011188811188811189,0.010927634774162216,0.0,0.011846153846153847,0.0,0.005733944954128441
"Anggur (Merah atau Hijau, Jenis Varietas Eropa Seperti Thompson tanpa Biji)",Buah Buahan,1.0,gram (g),0.10182370820668693,0.002324860508369498,0.0009437589569715822,0.003944124897288414,0.0004626875537048054,0.0,0.02013986013986014,0.2197668771248179,0.010843373493975905,0.23815384615384616,0.0010598834128245894,0.10951834862385322
Anggur Jenis Amerika (Kulit Licin),Buah Buahan,0.0,anggur,0.0,0.0,5.2431053165087906e-05,0.00016433853738701728,0.0,0.0,0.0005594405594405594,0.004978144730451675,0.0,0.006,0.0,0.0028669724770642203
Anggur Jenis Eropa,Buah Buahan,0.0,tanpa biji,0.0015197568389057749,0.0,5.2431053165087906e-05,0.00016433853738701728,0.0,0.0,0.0011188811188811189,0.010927634774162216,0.0,0.011846153846153847,0.0,0.005733944954128441
Apel,Buah Buahan,0.0,sedang (diameter 7 cm) (kira-kira 3 per 450 g),0.10638297872340426,0.003409795412275264,0.0006816036911461427,0.005751848808545605,0.0006609822195782934,0.0,0.01006993006993007,0.23142302088392422,0.03975903614457831,0.22061538461538463,0.0005299417064122947,0.08486238532110092
Apel (tanpa Kulit),Buah Buahan,1.0,gram (g),0.06990881458966565,0.0018598884066955987,0.0003670173721556153,0.0030402629416598193,0.0003304911097891467,0.0,0.007552447552447553,0.15492957746478875,0.01566265060240964,0.1553846153846154,0.0,0.051605504587155966
Apel Emas Lezat,Buah Buahan,0.0,sedang (diameter 7 cm),0.10638297872340426,0.003409795412275264,0.0006641266734244468,0.0058340180772391125,0.0006609822195782934,0.0,0.01006993006993007,0.23142302088392422,0.03975903614457831,0.2204615384615385,0.0005299417064122947,0.08486238532110092
Apel Merah Lezat,Buah Buahan,0.0,sedang (diameter 7 cm),0.10638297872340426,0.003409795412275264,0.0006641266734244468,0.0058340180772391125,0.0006609822195782934,0.0,0.01006993006993007,0.23142302088392422,0.03975903614457831,0.2204615384615385,0.0005299417064122947,0.08486238532110092
Apel Fuji,Buah Buahan,1.0,gram (g),0.07598784194528875,0.0024798512089274647,0.0004893564962074871,0.00419063270336894,0.0004626875537048054,0.0,0.007272727272727273,0.16767848470131133,0.02891566265060241,0.15984615384615386,0.0005299417064122947,0.06135321100917432
Blewah Melon,Buah Buahan,1.0,gram (g),0.0486322188449848,0.0027898326100433976,0.0008913279038064943,0.006655710764174199,0.00019829466587348803,0.0,0.023496503496503496,0.09907722195240408,0.010843373493975905,0.12092307692307694,0.008479067302596715,0.15309633027522937
Blueberi,Buah Buahan,1.0,gram (g),0.08358662613981763,0.004959702417854929,0.0004893564962074871,0.011996713229252259,0.003106616432017979,0.0,0.020699300699300698,0.17593491986401166,0.02891566265060241,0.15323076923076925,0.0005299417064122947,0.04415137614678899
"Blueberry (tanpa Pemanis, Beku)",Buah Buahan,1.0,gram (g),0.07446808510638298,0.009764414135151892,0.0009262819392498862,0.022925225965488908,0.00601493819816247,0.0,0.011748251748251748,0.14776590577950463,0.032530120481927716,0.13,0.0005299417064122947,0.03096330275229358
"Blueberry (Manis, Beku)",Buah Buahan,1.0,gram (g),0.12006079027355623,0.0018598884066955987,0.00019224719493865562,0.004683648315529992,0.001189767995240928,0.0,0.011188811188811189,0.26651287032540066,0.026506024096385545,0.30338461538461536,0.0005299417064122947,0.034403669724770644
Blueberry Tawar dalam Kemasan Air (Dimasak atau Kalengan),Buah Buahan,0.0,mangkok,0.13829787234042554,0.008214507129572227,0.0008039428151980145,0.01963845521774856,0.00502346486879503,0.0,0.034125874125874124,0.287639630888781,0.046987951807228916,0.25030769230769234,0.0010598834128245894,0.06422018348623854
Beri,Buah Buahan,1.0,gram (g),0.04711246200607903,0.00449473031618103,0.0002796322835471355,0.012818405916187346,0.0028422235441866615,0.0,0.01902097902097902,0.09689169499757165,0.025301204819277112,0.07492307692307693,0.0005299417064122947,0.08600917431192662
Stroberi,Buah Buahan,1.0,gram (g),0.04559270516717325,0.00449473031618103,0.0002621552658254395,0.012736236647493838,0.0028422235441866615,0.0,0.018741258741258742,0.0932491500728509,0.024096385542168676,0.0716923076923077,0.0005299417064122947,0.08772935779816514
Rasberi,Buah Buahan,1.0,gram (g),0.07598784194528875,0.009919404835709859,0.0003320633367122234,0.030813475760065736,0.004230286205301078,0.0,0.033566433566433566,0.14497328800388537,0.0783132530120482,0.068,0.0005299417064122947,0.08658256880733946
Blackberry,Buah Buahan,1.0,gram (g),0.06231003039513677,0.007439553626782394,0.00024467824810374357,0.02300739523418242,0.003106616432017979,0.0,0.03888111888111888,0.11668285575522097,0.06385542168674699,0.07507692307692308,0.0005299417064122947,0.09288990825688073
Campuran Buah Kering,Buah Buahan,1.0,gram (g),0.3677811550151976,0.006664600123992562,0.001048621063301758,0.006737880032867708,0.004164187983343249,0.0,0.061258741258741256,0.7869111219038368,0.0891566265060241,0.7332307692307692,0.009009009009009009,0.42775229357798167
Apel Kering,Buah Buahan,1.0,gram (g),0.36626139817629183,0.004804711717296963,0.0009088049215281903,0.007641741988496303,0.0008592768854517814,0.0,0.026013986013986017,0.8000242836328315,0.10481927710843374,0.8798461538461538,0.046104928457869634,0.25802752293577985
Cranberry Kering,Buah Buahan,1.0,gram (g),0.4650455927051672,0.021078735275883453,0.0018001328253346846,0.05406737880032868,0.01308744794765021,0.0,0.001958041958041958,1.0,0.06867469879518073,1.0,0.001589825119236884,0.022935779816513763
Prune Kering,Buah Buahan,1.0,gram (g),0.3617021276595745,0.005734655920644762,0.001537977559509245,0.005094494658997535,0.003503205763764955,0.0,0.060979020979020984,0.7756192326372026,0.0855421686746988,0.5866153846153846,0.0010598834128245894,0.41972477064220187
Aprikot Kering,Buah Buahan,1.0,gram (g),0.36322188449848025,0.007749535027898328,0.0002971093012688315,0.006080525883319639,0.004891268424879371,0.0,0.09482517482517483,0.7605633802816901,0.08795180722891567,0.8221538461538461,0.005299417064122947,0.6662844036697249
Buah Pir,Buah Buahan,1.0,gram (g),0.0851063829787234,0.001704897706137632,0.00010486210633017581,0.0023829087921117503,0.0017185537709035628,0.0,0.01062937062937063,0.1877124817872754,0.03734939759036145,0.1507692307692308,0.0005299417064122947,0.06823394495412845
Pir (Dimasak atau Kalengan),Buah Buahan,0.0,mangkok,0.29635258358662614,0.005269683818970862,0.0003320633367122234,0.006573541495480691,0.004759071980963712,0.0,0.014825174825174826,0.6191112190383682,0.051807228915662654,0.622,0.006889242183359831,0.09919724770642202
Pir Asia,Buah Buahan,0.0,"buah dengan tinggi 5,5 cm x diameter 6,5 cm",0.07446808510638298,0.004184748915065097,0.0002621552658254395,0.005505341002465079,0.00396589331746976,0.0,0.017062937062937062,0.15772219524040798,0.05301204819277109,0.13230769230769232,0.0,0.08486238532110092
"Pir (Padat dan Cair, Kemasan Sirup Ringan, Kalengan)",Buah Buahan,0.0,"mangkok, separuh",0.21428571428571427,0.0010849349039057658,8.738508860847984e-05,0.0014790468364831552,0.00099147332936744,0.0,0.013426573426573427,0.462360369111219,0.04819277108433735,0.4672307692307693,0.006889242183359831,0.09518348623853212
Ceri Manis,Buah Buahan,0.0,ceri,0.00303951367781155,0.0,5.2431053165087906e-05,0.00032867707477403455,0.00019829466587348803,0.0,0.001958041958041958,0.013234579893152017,0.0012048192771084338,0.013384615384615385,0.0,0.008600917431192661
Bing Ceri,Buah Buahan,1.0,gram (g),0.09270516717325228,0.0029448233106013646,0.0006641266734244468,0.0042728019720624484,0.003106616432017979,0.0,0.029650349650349652,0.19439048081593008,0.025301204819277112,0.19723076923076924,0.0,0.1272935779816514
Ceri Beku,Buah Buahan,1.0,gram (g),0.0668693009118541,0.006664600123992562,0.0017477017721695969,0.01084634346754314,0.00793178663493952,0.0,0.025734265734265734,0.13380281690140844,0.01927710843373494,0.13876923076923078,0.0005299417064122947,0.07110091743119266
Ceri Merah Asam,Buah Buahan,1.0,gram (g),0.0729483282674772,0.00449473031618103,0.001188437205075326,0.007395234182415777,0.005420054200542006,0.0,0.027972027972027972,0.14788732394366197,0.01927710843373494,0.13061538461538463,0.001589825119236884,0.09919724770642202
Jeruk,Buah Buahan,0.0,"buah (diameter 6,5 cm)",0.0911854103343465,0.002324860508369498,0.00034954035443391935,0.002711585866885785,0.00198294665873488,0.0,0.0344055944055944,0.1868625546381739,0.03734939759036145,0.18846153846153846,0.0,0.13589449541284404
Jeruk Keprok (Jeruk Mandarin),Buah Buahan,0.0,"kecil (diameter 5,5 cm)",0.05319148936170213,0.0032548047117172975,0.0004718794784857911,0.0037797863599013967,0.0027761253222288325,0.0,0.015944055944055943,0.11340456532297231,0.01566265060240964,0.114,0.0005299417064122947,0.06651376146788991
Jeruk Bali,Buah Buahan,1.0,gram (g),0.04559270516717325,0.001394916305021699,0.00024467824810374357,0.001972062448644207,0.0008592768854517814,0.0,0.017622377622377623,0.09810587663914522,0.013253012048192772,0.1073846153846154,0.0,0.07970183486238533
Jeruk Bali (Merah dan Merah Muda),Buah Buahan,1.0,gram (g),0.060790273556231,0.002014879107253565,0.00034954035443391935,0.0029580936729663105,0.0013219644391565869,0.0,0.021538461538461538,0.12943176299174358,0.01927710843373494,0.106,0.0,0.07740825688073395
Jeruk Mandarin (Kaleng atau Beku),Buah Buahan,1.0,gram (g),0.08966565349544073,0.001394916305021699,0.00020972421266035162,0.0016433853738701727,0.001189767995240928,0.0,0.012587412587412588,0.19657600777076253,0.008433734939759036,0.23830769230769233,0.003179650238473768,0.04472477064220184
"Jeruk Keprok (Jeruk Mandarin, Jus Kemasan, Kalengan)",Buah Buahan,0.0,gelas,0.13677811550151975,0.0009299442033477994,0.00012233912405187178,0.0009860312243221035,0.0007931786634939521,0.0,0.043076923076923075,0.28933948518698394,0.020481927710843374,0.33984615384615385,0.006359300476947536,0.1897935779816514
"Jeruk Keprok (Jeruk Mandarin,  Sirup Ringan Kemasan, Kalengan)",Buah Buahan,0.0,gelas,0.23100303951367782,0.003719776813391197,0.000524310531650879,0.004108463434675432,0.0029744199881023203,0.0,0.03160839160839161,0.49538610976202035,0.02168674698795181,0.6004615384615385,0.007949125596184421,0.11295871559633028
Kelapa,Buah Buahan,1.0,gram (g),0.5349544072948329,0.5189088654680719,0.5190324722989269,0.030073952341824157,0.09418996628990682,0.0,0.09314685314685314,0.18491986401165617,0.10843373493975904,0.09584615384615386,0.010598834128245894,0.20412844036697247
Kelapa Kering,Buah Buahan,1.0,gram (g),1.0,1.0,1.0,0.05801150369761709,0.18143961927424154,0.0,0.19244755244755243,0.2871539582321515,0.1963855421686747,0.11307692307692307,0.0196078431372549,0.31135321100917435
Air Kelapa,Buah Buahan,0.0,gelas,0.0668693009118541,0.0072845629262244275,0.0073753014785556984,0.0004108463434675432,0.0012558662171987575,0.0,0.048391608391608394,0.10806216610004858,0.03132530120481928,0.09630769230769232,0.13354531001589826,0.34403669724770647
Kismis,Buah Buahan,1.0,gram (g),0.45136778115501525,0.0069745815251084945,0.0010136670278583662,0.0030402629416598193,0.0033710093198492963,0.0,0.08587412587412586,0.9613890237979603,0.04457831325301205,0.9106153846153846,0.005829358770535241,0.4294724770642202
Kismis (tanpa Biji),Buah Buahan,1.0,gram (g),0.45136778115501525,0.0069745815251084945,0.0010136670278583662,0.0030402629416598193,0.0033710093198492963,0.0,0.08587412587412586,0.9613890237979603,0.04457831325301205,0.9106153846153846,0.005829358770535241,0.4294724770642202
Kismis Emas (tanpa Biji),Buah Buahan,1.0,gram (g),0.45592705167173253,0.0069745815251084945,0.0026390296759760913,0.011092851273623666,0.0012558662171987575,0.0,0.09482517482517483,0.9655172413793103,0.04819277108433735,0.9106153846153846,0.006359300476947536,0.42775229357798167
Kismis Dilapisi Coklat,Buah Buahan,0.0,kismis,0.00303951367781155,0.0021698698078115317,0.001537977559509245,0.0004108463434675432,0.003106616432017979,0.0,0.0011188811188811189,0.00825643516270034,0.0,0.009538461538461539,0.0,0.0028669724770642203
Kismis Dilapisi Coklat Susu,Buah Buahan,1.0,gram (g),0.5896656534954408,0.22923124612523252,0.15379775595092454,0.0419063270336894,0.3133055720801111,0.0075,0.11468531468531468,0.8292860611947547,0.050602409638554224,0.9572307692307692,0.01907790143084261,0.29472477064220187
Kurma,Buah Buahan,0.0,kurma,0.031914893617021274,0.0003099814011159331,5.2431053165087906e-05,0.00016433853738701728,0.00019829466587348803,0.0,0.005594405594405594,0.075643516270034,0.008433734939759036,0.08092307692307693,0.0,0.03096330275229358
Mangga,Buah Buahan,1.0,gram (g),0.09574468085106383,0.00402975821450713,0.001153483169631934,0.00419063270336894,0.006675920417740764,0.0,0.014265734265734267,0.20641087906750852,0.02168674698795181,0.22769230769230772,0.0010598834128245894,0.08944954128440367
Mangga Kering,Buah Buahan,0.0,"untai (8,5 cm x 2 cm x 0,3 cm)",0.02127659574468085,0.0004649721016738996,0.00017477017721695968,0.0005751848808545604,0.00099147332936744,0.0,0.001958041958041958,0.04953861097620204,0.0036144578313253013,0.057846153846153846,0.0,0.013188073394495414
Nektar Mangga,Buah Buahan,0.0,mangkok,0.21732522796352582,0.004184748915065097,0.001136006151910238,0.004108463434675432,0.006609822195782935,0.0,0.013986013986013986,0.4601748421563866,0.02168674698795181,0.5487692307692308,0.0026497085320614736,0.08027522935779817
Nanas,Buah Buahan,1.0,gram (g),0.06990881458966565,0.001704897706137632,0.0001572931594952637,0.0034511092851273626,0.0009253751074096108,0.0,0.015104895104895107,0.1533511413307431,0.016867469879518072,0.14246153846153847,0.0005299417064122947,0.06594036697247707
"Nanas (Padat dan Cair, Air Kemasan, Kalengan)",Buah Buahan,0.0,"mangkok, lumatan, irisan, atau potongan",0.11702127659574468,0.0032548047117172975,0.0002621552658254395,0.006244864420706655,0.0017846519928613922,0.0,0.029650349650349652,0.24793589120932494,0.024096385542168676,0.28384615384615386,0.0010598834128245894,0.17889908256880735
"Nanas Potongan (Manis, Beku)",Buah Buahan,1.0,gram (g),0.1276595744680851,0.001394916305021699,0.00012233912405187178,0.0028759244042728025,0.0007931786634939521,0.0,0.011188811188811189,0.26954832442933463,0.013253012048192772,0.32461538461538464,0.0010598834128245894,0.05733944954128441
"Nanas (Padat dan Cair, Kemasan Sirup Ringan, Kalengan)",Buah Buahan,0.0,"mangkok, lumatan, irisan, atau potongan",0.19604863221884497,0.00449473031618103,0.00040197140759900727,0.008299096138044372,0.0021812413246083684,0.0,0.025454545454545455,0.4114861583292861,0.024096385542168676,0.49046153846153845,0.001589825119236884,0.1519495412844037
"Nanas (Padat dan Cair, Jus Kemasan, Kalengan)",Buah Buahan,0.0,"mangkok, lumatan, irisan, atau potongan",0.22340425531914893,0.0029448233106013646,0.0002621552658254395,0.005916187345932621,0.0016524555489457336,0.0,0.029370629370629373,0.47462360369111223,0.024096385542168676,0.5535384615384615,0.0010598834128245894,0.1743119266055046
Pepaya,Buah Buahan,1.0,gram (g),0.05623100303951368,0.002014879107253565,0.0007515117620329265,0.0025472473294987676,0.002511732434397515,0.0,0.017062937062937062,0.11911121903836815,0.02168674698795181,0.09076923076923078,0.001589825119236884,0.14736238532110094
Jus Pepaya,Buah Buahan,1.0,ml,0.08814589665653495,0.002324860508369498,0.0008563738683631025,0.0030402629416598193,0.0028422235441866615,0.0,0.005034965034965035,0.18406993686255466,0.007228915662650603,0.22353846153846155,0.0026497085320614736,0.01834862385321101
Pisang,Buah Buahan,1.0,gram (g),0.13221884498480244,0.004959702417854929,0.0019574259848299485,0.005998356614626129,0.002115143102650539,0.0,0.030489510489510492,0.2773190869354055,0.03132530120481928,0.18815384615384617,0.0005299417064122947,0.20527522935779818
Pisang Apel,Buah Buahan,0.0,buah,0.09574468085106383,0.0035647861128332305,0.0014331154531790694,0.004354971240755957,0.0015202591050300748,0.0,0.022377622377622378,0.2024040796503157,0.02289156626506024,0.13738461538461538,0.0005299417064122947,0.1496559633027523
Rasberi Merah,Buah Buahan,1.0,gram (g),0.07598784194528875,0.009919404835709859,0.0003320633367122234,0.030813475760065736,0.004230286205301078,0.0,0.033566433566433566,0.14497328800388537,0.0783132530120482,0.068,0.0005299417064122947,0.08658256880733946
Rasberi Beku tanpa Pemanis,Buah Buahan,1.0,gram (g),0.07598784194528875,0.009919404835709859,0.0003320633367122234,0.030813475760065736,0.004230286205301078,0.0,0.033566433566433566,0.14497328800388537,0.0783132530120482,0.068,0.0005299417064122947,0.0779816513761468
Rasberi Beku,Buah Buahan,1.0,gram (g),0.1534954407294833,0.002324860508369498,8.738508860847984e-05,0.007313064913722267,0.00099147332936744,0.0,0.01958041958041958,0.3176299174356484,0.05301204819277109,0.3347692307692308,0.0005299417064122947,0.06536697247706422
Salad Buah,Buah Buahan,0.0,porsi (95 g),0.0790273556231003,0.012399256044637324,0.010730888881121324,0.0034511092851273626,0.0033710093198492963,0.0,0.017622377622377623,0.15177270519669744,0.020481927710843374,0.1573846153846154,0.0026497085320614736,0.07683486238532111
Semangka,Buah Buahan,1.0,gram (g),0.0425531914893617,0.0021698698078115317,0.0002796322835471355,0.004108463434675432,0.0024456342124396856,0.0,0.017062937062937062,0.09167071393880524,0.004819277108433735,0.09538461538461539,0.0005299417064122947,0.06422018348623854
Stroberi Beku tanpa Pemanis,Buah Buahan,1.0,gram (g),0.05015197568389058,0.0015499070055796655,0.00010486210633017581,0.004437140509449466,0.00099147332936744,0.0,0.012027972027972027,0.11085478387566781,0.025301204819277112,0.07015384615384615,0.0010598834128245894,0.08486238532110092
Stroberi Beku,Buah Buahan,1.0,gram (g),0.12917933130699089,0.002014879107253565,0.00012233912405187178,0.00542317173377157,0.0012558662171987575,0.0,0.014545454545454545,0.28484701311316174,0.02289156626506024,0.3306153846153846,0.0010598834128245894,0.05619266055045872
Stroberi Beku dengan Gula,Buah Buahan,0.0,mangkok,0.33434650455927056,0.005424674519528829,0.0003145863189905274,0.01380443714050945,0.0031727146539758085,0.0,0.037202797202797205,0.7263234579893152,0.05783132530120482,0.8430769230769231,0.0026497085320614736,0.143348623853211
Stroberi dalam Sirup (Dimasak atau Kalengan),Buah Buahan,1.0,gram (g),0.13677811550151975,0.003874767513949164,0.00024467824810374357,0.010599835661462614,0.002379535990481856,0.0,0.015664335664335664,0.2856969402622633,0.020481927710843374,0.33584615384615385,0.0021197668256491787,0.04931192660550459
Ayam,Daging,1.0,gram (g),0.35714285714285715,0.2089274643521389,0.06567863259813345,0.2419884963023829,0.35005618348866424,0.2175,0.7572027972027973,0.0,0.0,0.0,0.21409644939056705,0.12672018348623854
Ayam (Kulit tidak Dimakan),Daging,1.0,gram (g),0.2826747720364742,0.11376317420954743,0.03535600685099095,0.13771569433032047,0.1743671095247538,0.22,0.8025174825174826,0.0,0.0,0.0,0.21621621621621623,0.13818807339449543
Dada Ayam,Daging,1.0,gram (g),0.2933130699088146,0.1194978301301922,0.03796008249152365,0.1352506162695152,0.19862515698327718,0.20750000000000002,0.8265734265734266,0.0,0.0,0.0,0.20826709062003182,0.1393348623853211
Paha Ayam,Daging,0.0,"kecil (hasil setelah masak, tulang dihilangkan)",0.20212765957446807,0.13081215127092374,0.04128071585864588,0.1532456861133936,0.22169343644655962,0.1275,0.38237762237762235,0.0,0.0,0.0,0.11817700052994172,0.06938073394495413
Sayap Ayam,Daging,0.0,"kecil (hasil setelah masak, tulang dihilangkan)",0.12006079027355623,0.08353998760074396,0.026442727812925997,0.09449465899753491,0.14019432877255603,0.0575,0.20867132867132868,0.0,0.0,0.0,0.0598834128245893,0.029243119266055047
Dada Ayam Goreng tanpa Pelapis (Kulit Dimakan),Daging,1.0,gram (g),0.3252279635258359,0.1408865468071916,0.042189520780174065,0.17181594083812657,0.23682992927490254,0.23,0.885874125874126,0.0,0.0,0.0,0.2278749337572867,0.15309633027522937
Sayap Ayam Goreng tanpa Pelapis (Kulit Dimakan),Daging,0.0,"kecil (hasil setelah masak, tulang dihilangkan)",0.13221884498480244,0.09795412275263485,0.028854556258520042,0.12062448644207066,0.1655099477824047,0.0775,0.21146853146853145,0.0,0.0,0.0,0.06359300476947537,0.02981651376146789
Paha Ayam Goreng tanpa Pelapis (Kulit Dimakan),Daging,0.0,"sedang (hasil setelah masak, tulang dihilangkan)",0.1778115501519757,0.10508369497830132,0.02929148170156244,0.14108463434675433,0.17648225262740433,0.14,0.3804195804195804,0.0,0.0,0.0,0.11181770005299418,0.06651376146788991
Daging Ayam (Panggang),Daging,1.0,gram (g),0.1656534954407295,0.041692498450093,0.011709601873536299,0.055053410024650785,0.05486152422499835,0.1625,0.5686713286713286,0.0,0.0,0.0,0.0397456279809221,0.1364678899082569
Daging dan Kulit Ayam (Panggang),Daging,1.0,gram (g),0.3252279635258359,0.245505269683819,0.07917089027928274,0.27937551355792933,0.4388921937999868,0.1825,0.47944055944055947,0.0,0.0,0.0,0.036036036036036036,0.11238532110091744
Daging Babi Panggang,Daging,1.0,gram (g),0.37234042553191493,0.22597644141351522,0.09346709077563004,0.0990139687756779,0.4285147729526076,0.20500000000000002,0.7546853146853147,0.0,0.0,0.0,0.11711711711711713,0.2327981651376147
Babi Panggang (Hanya Daging yang Dimakan),Daging,1.0,gram (g),0.3130699088145897,0.14817110973341602,0.06097731483099723,0.06203779786359902,0.28382576508691915,0.2025,0.7958041958041958,0.0,0.0,0.0,0.15315315315315317,0.24254587155963303
Bahu Daging Babi Panggang,Daging,0.0,"irisan tipis (berdiameter sekitar 7,5 cm x 0,3 cm)",0.05927051671732523,0.04603223806571606,0.01915481142297878,0.023500410846343467,0.08724965298433474,0.0325,0.09090909090909091,0.0,0.0,0.0,0.01695813460519343,0.026376146788990827
Bakso Daging Sapi,Daging,0.0,sedang,0.08358662613981763,0.05703657780533169,0.02436296270404418,0.01684470008216927,0.010774010179126183,0.0039250000000000005,0.09706293706293707,0.025740650801359885,0.2530120481927711,0.0015384615384615387,0.00022257551669316376,0.07683486238532111
Bakso Daging Sapi dan Babi,Daging,0.0,kecil,0.034954407294832825,0.022008679479231248,0.009262819392498864,0.005341002465078061,0.0056183488664154945,0.0015175,0.05314685314685314,0.012141816415735794,0.12048192771084337,0.0015384615384615387,0.00010598834128245895,0.03612385321100918
Bakso Ayam,Daging,0.0,sedang,0.06534954407294832,0.024178549287042782,0.007864657974763186,0.029087921117502052,0.03642012029876397,0.0575,0.15188811188811188,0.02355512384652744,0.0012048192771084338,0.0063076923076923076,0.06571277159512454,0.03211009174311927
Bakso Kalkun,Daging,0.0,sedang,0.060790273556231,0.01782393056416615,0.006693697787409556,0.025472473294987676,0.01830920748231873,0.0525,0.15384615384615385,0.02355512384652744,0.0012048192771084338,0.0063076923076923076,0.06412294647588766,0.03727064220183486
Bakso Daging Babi,Daging,0.0,sedang,0.06838905775075987,0.03006819590824551,0.009891992030479918,0.02917009038619556,0.056381783330028426,0.0575,0.15524475524475523,0.016148615832928606,0.0012048192771084338,0.002153846153846154,0.11817700052994172,0.045871559633027525
Daging Bebek,Daging,1.0,gram (g),0.19756838905775076,0.09206447613143212,0.04054668111433464,0.06162695152013147,0.1017912618150572,0.1925,0.5113286713286713,0.0,0.0,0.0,0.0392156862745098,0.15538990825688073
Dada Ayam (Kulit tidak Dimakan),Daging,1.0,gram (g),0.24620060790273557,0.05471171729696219,0.01751197175713936,0.06277732128184059,0.0813008130081301,0.21,0.8604195804195804,0.0,0.0,0.0,0.2098569157392687,0.1456422018348624
Dada Ayam Masak,Daging,1.0,gram (g),0.1641337386018237,0.019063856168629885,0.00576741584815967,0.0016433853738701727,0.018507502148192218,0.00075,0.6458741258741258,0.0,0.6987951807228916,0.0,0.0,0.03727064220183486
Daging Dada Kalkun,Daging,1.0,gram (g),0.15501519756838905,0.025573465592064477,0.008388968506414064,0.0,0.01811091281644524,0.00135,0.47748251748251747,0.05111704711024769,0.5180722891566265,0.007692307692307693,0.0018600953895071542,0.5819954128440368
"Daging Dada Kalkun (Digoreng, Dimasak, Dipanggang)",Daging,1.0,gram (g),0.20212765957446807,0.011314321140731557,0.004194484253207032,0.016433853738701727,0.008592768854517815,0.20750000000000002,0.8408391608391608,0.0,0.0,0.0,0.027556968733439324,0.16743119266055045
Daging Babi,Daging,1.0,gram (g),0.40881458966565354,0.263949163050217,0.10779824530742073,0.1181594083812654,0.500760129552515,0.225,0.7647552447552447,0.0,0.0,0.0,0.20349761526232116,0.20126146788990826
Potongan Daging Babi,Daging,1.0,gram (g),0.37689969604863227,0.2256664600123993,0.09441084973260162,0.1161051766639277,0.42177275431290906,0.20750000000000002,0.7806993006993007,0.0,0.0,0.0,0.20455749867514575,0.231651376146789
Potongan Daging Domba,Daging,0.0,"kecil (112 g, dengan tulang, mentah) (hasil setelah masak, tulang dihhilangkan)",0.34042553191489366,0.27185368877867333,0.13403124890768636,0.10698438783894824,0.47498182298896163,0.17,0.4436363636363636,0.0,0.0,0.0,0.1489136195018548,0.10550458715596331
Potongan Daging Domba (Hanya Daging yang Dimakan),Daging,1.0,gram (g),0.3237082066869301,0.16227526348419097,0.06740885735258136,0.06540673788003287,0.28964240861920815,0.2325,0.787972027972028,0.0,0.0,0.0,0.21356650768415475,0.1875
Daging Sapi,Daging,1.0,gram (g),0.4346504559270517,0.30269683818970866,0.13511482400643152,0.058175842235004105,0.5521184480137484,0.2175,0.7365034965034964,0.0,0.0,0.0,0.20349761526232116,0.18061926605504589
Daging Sapi Giling,Daging,1.0,gram (g),0.4164133738601824,0.2878177309361438,0.1256947114544374,0.042399342645850456,0.5656024852931457,0.22,0.7090909090909091,0.0,0.0,0.0,0.21197668256491786,0.16456422018348624
Daging Sapi Giling tanpa Lemak,Daging,1.0,gram (g),0.40577507598784196,0.27371357718536893,0.11727078891257994,0.04215283483976993,0.5177473725956773,0.225,0.7144055944055944,0.0,0.0,0.0,0.21038685744568097,0.17316513761467892
Daging Sapi Panggang,Daging,1.0,gram (g),0.40273556231003044,0.2682889026658401,0.11907092173791463,0.051520131470829914,0.4861524224998348,0.19,0.7247552447552448,0.0,0.0,0.0,0.11499735029146795,0.16743119266055045
Daging Kornet,Daging,0.0,"irisan tipis (sekitar 11 cm x 6,5 cm x 0,3 cm)",0.07750759878419453,0.06168629882207068,0.02326191058757733,0.011585866885784715,0.1279661577103576,0.0525,0.10685314685314685,0.0012141816415735796,0.0,0.0,0.12612612612612614,0.017201834862385322
Daging Sapi Ekstra tanpa Lemak,Daging,1.0,gram (g),0.3738601823708207,0.23775573465592068,0.10211821454786954,0.03944124897288414,0.4372397382510411,0.2225,0.7191608391608392,0.0,0.0,0.0,0.20879703232644412,0.18061926605504589
Daging Sapi (95% tanpa Lemak / 5% Lemak),Daging,1.0,gram (g),0.20516717325227962,0.0773403595784253,0.03932328987381593,0.028019720624486443,0.016987243043162143,0.0053774999999999995,0.5988811188811188,0.0,0.746987951807229,0.0,0.0,0.03784403669724771
Daging Sapi (85% tanpa Lemak / 15% Lemak),Daging,1.0,gram (g),0.3237082066869301,0.23233106013639185,0.10250270893774685,0.07682826622843057,0.028620530107740103,0.0163875,0.52,0.0,0.819277108433735,0.0,0.0,0.03784403669724771
Daging Sapi (70% tidak Berlemak / 30% Lemak),Daging,1.0,gram (g),0.5015197568389058,0.46481711097334166,0.19729805306022577,0.15004108463434676,0.04600436248264922,0.0329025,0.4013986013986014,0.0,0.9397590361445783,0.0,0.0,0.038417431192660556
Daging Sapi Panggang (Hanya Bagian tanpa Lemak yang Dimakan),Daging,1.0,gram (g),0.29787234042553196,0.1318970861748295,0.05641581320563459,0.02308956450287593,0.23339282173309542,0.1875,0.7921678321678322,0.0,0.0,0.0,0.11499735029146795,0.17545871559633028
Daging Domba,Daging,1.0,gram (g),0.4407294832826748,0.32176069435833854,0.1530287671711699,0.12300739523418243,0.5781611474651333,0.24,0.6802797202797203,0.0,0.0,0.0,0.20879703232644412,0.17603211009174313
Domba Giling,Daging,1.0,gram (g),0.425531914893617,0.3626782393056417,0.1780908105840819,0.15201314708299096,0.6345429307951617,0.1825,0.46321678321678317,0.0,0.0,0.0,0.03126656067832539,0.1272935779816514
Daging Domba Panggang,Daging,1.0,gram (g),0.4012158054711246,0.28115313081215126,0.13340207626970532,0.11454396055875102,0.49791790600832847,0.23,0.6693706293706294,0.0,0.0,0.0,0.12082670906200318,0.1611238532110092
Potongan Daging Domba (Daging dan Lemak Dimakan),Daging,1.0,gram (g),0.47416413373860183,0.37755734655920653,0.18616519277150542,0.1486442070665571,0.6596602551391368,0.23750000000000002,0.6162237762237762,0.0,0.0,0.0,0.20667726550079493,0.14621559633027523
Iga Babi Panggang dengan Saus,Daging,1.0,gram (g),0.46808510638297873,0.3459392436453813,0.14100457897864307,0.17929334428923582,0.6560909511534141,0.2175,0.5997202797202797,0.05099562894609034,0.004819277108433735,0.019846153846153847,0.17700052994170642,0.16456422018348624
Kalkun,Daging,1.0,gram (g),0.2811550151975684,0.10864848109113454,0.03493655842567024,0.1437140509449466,0.14607707052680285,0.1925,0.8083916083916084,0.0,0.0,0.0,0.03656597774244833,0.16685779816513763
Paha Ayam (Kulit tidak Dimakan),Daging,1.0,gram (g),0.3115501519756839,0.16707997520148793,0.052518438253696384,0.20205423171733772,0.27199418335646774,0.23500000000000001,0.7194405594405594,0.0,0.0,0.0,0.21727609962904082,0.13532110091743121
Daging Paha Ayam (Ayam Pedaging),Daging,1.0,gram (g),0.1778115501519757,0.06044637321760695,0.017477017721695968,0.008709942481511914,0.06411527529909446,0.003025,0.5496503496503496,0.0,1.0,0.0,0.0,0.04931192660550459
Paha Ayam Panggang,Daging,1.0,gram (g),0.36930091185410335,0.23791072535647864,0.07504631409696248,0.27871815940838124,0.40313305572080116,0.23,0.6951048951048951,0.0,0.0,0.0,0.21515633280339164,0.1261467889908257
Paha Ayam Panggang (Kulit Dimakan),Daging,0.0,"kecil (hasil setelah masak, tulang dihilangkan)",0.20212765957446807,0.13081215127092374,0.04128071585864588,0.1532456861133936,0.22169343644655962,0.1275,0.38237762237762235,0.0,0.0,0.0,0.11817700052994172,0.06938073394495413
Punggung Sapi,Daging,1.0,gram (g),0.5167173252279635,0.4051456912585245,0.17831801181446394,0.07592440427280198,0.763764954722718,0.2325,0.6948251748251748,0.0,0.0,0.0,0.1192368839427663,0.13876146788990826
Daging Punggung Sapi (Hanya Bagian tanpa Lemak yang Dimakan),Daging,1.0,gram (g),0.34650455927051677,0.17854928704277745,0.07223251424376943,0.02867707477403451,0.35104765681803163,0.2325,0.8288111888111888,0.0,0.0,0.0,0.12294647588765237,0.16284403669724773
Sayap Ayam (Kulit tidak Dimakan),Daging,1.0,gram (g),0.30243161094224924,0.12476751394916308,0.03916599671432067,0.1450287592440427,0.17106219842686235,0.21,0.8450349650349651,0.0,0.0,0.0,0.21939586645469,0.11926605504587157
Sayap Ayam Panggang (Kulit Dimakan),Daging,0.0,"kecil (hasil setelah masak, tulang dihilangkan)",0.1276595744680851,0.08958462492250466,0.028330245726869163,0.10123253903040264,0.1502412585101461,0.0625,0.2234965034965035,0.0,0.0,0.0,0.06412294647588766,0.03153669724770643
Daging dan Kulit Sayap Ayam (Ayam Pedaging),Daging,0.0,"sayap, tulang dihilangkan (hasil dari 450 g - ayam siap dimasak)",0.09422492401215805,0.07160570365778055,0.02270264602048306,0.0045193097781429745,0.06497455218454624,0.004605000000000001,0.14881118881118882,0.0,0.26506024096385544,0.0,0.0,0.012041284403669725
Sosis Daging Sapi,Daging,0.0,ikatan (panjang 2 cm x 10 cm),0.060790273556231,0.05843149411035338,0.026163095529378864,0.011585866885784715,0.11798532619472538,0.0175,0.04027972027972028,0.0063137445361826135,0.0,0.005076923076923078,0.07737148913619503,0.012041284403669725
Sosis Ayam,Daging,0.0,ikatan (panjang 2 cm x 10 cm),0.07142857142857142,0.04370737755734656,0.012688314865951272,0.006820049301561217,0.049904157578161155,0.0025524999999999996,0.14125874125874124,0.0052209810587663915,0.26506024096385544,0.0,0.0,0.11754587155963303
Sosis Babi Segar,Daging,1.0,gram (g),0.4589665653495441,0.4110353378797273,0.15381523296864621,0.01733771569433032,0.24535659990746253,0.029735,0.4220979020979021,0.0,0.8674698795180723,0.0,0.0,0.36467889908256884
Sosis Kalkun,Daging,1.0,gram (g),0.23252279635258358,0.125077495350279,0.03430738578768919,0.02875924404272802,0.15771035759138083,0.006560000000000001,0.5255944055944056,0.005706653715395823,0.9036144578313253,0.0,0.0,0.3400229357798165
Sosis Italia,Daging,0.0,ikatan (panjang 13 cm ),0.35258358662613987,0.2876627402355859,0.11332098290747665,0.18323746918652425,0.5371141516293212,0.0975,0.36363636363636365,0.035211267605633804,0.0012048192771084338,0.008923076923076922,0.43508214096449394,0.11869266055045873
Cumi Goreng,Ikan & Seafood,1.0,gram (g),0.18693009118541035,0.03347799132052077,0.009944423083645005,0.05875102711585867,0.024588538568312515,0.5425,0.42321678321678324,0.12020398251578437,0.006024096385542169,0.010153846153846156,0.17753047164811872,0.1341743119266055
Cumi Kukus atau Rebus,Ikan & Seafood,1.0,gram (g),0.135258358662614,0.021078735275883453,0.006204341291202068,0.04272801972062449,0.00700641152752991,0.5775,0.43216783216783217,0.03703254006799417,0.0,0.0,0.19448860625331216,0.13990825688073394
Cumi-cumi,Ikan & Seafood,1.0,gram (g),0.13677811550151975,0.021233725976441416,0.006256772344367156,0.04305669679539852,0.0070725097494877395,0.5825,0.4358041958041958,0.03739679456046625,0.0,0.0,0.023317435082140965,0.14105504587155965
Gurita,Ikan & Seafood,1.0,gram (g),0.12158054711246201,0.015964042157470555,0.003967283022824985,0.01963845521774856,0.010707911957168354,0.12,0.41706293706293707,0.02671199611461875,0.0,0.0,0.12188659247482778,0.20068807339449543
Udang,Ikan & Seafood,1.0,gram (g),0.21580547112462006,0.03626782393056417,0.007794749903876402,0.07469186524239935,0.022737788353493292,0.515,0.7717482517482518,0.015055852355512385,0.0,0.0,0.32485426603073664,0.10091743119266056
Lobster,Ikan & Seafood,0.0,"kecil (berat hidup 450 g) (hasil setelah dimasak, kulit dihilangkan)",0.1702127659574468,0.010384376937383758,0.002184627215211996,0.008709942481511914,0.012360367506114087,0.21,0.671048951048951,0.018212724623603693,0.0,0.0,0.4377318494965554,0.23623853211009177
Kepiting,Ikan & Seafood,1.0,gram (g),0.15045592705167174,0.027123372597644146,0.003949806005103289,0.05538208709942482,0.01837530570427656,0.2475,0.5602797202797203,0.0,0.0,0.0,0.3179650238473768,0.18405963302752296
Remis,Ikan & Seafood,1.0,gram (g),0.1276595744680851,0.03456292622442654,0.007427732531720786,0.04979457682826623,0.03351179853261948,0.07,0.3328671328671329,0.04480330257406508,0.0,0.0,0.15156332803391628,0.1834862385321101
Ikan,Ikan & Seafood,1.0,gram (g),0.12462006079027355,0.014104153750774956,0.0034080184557307137,0.02990961380443714,0.010575715513252695,0.145,0.49678321678321685,0.0,0.0,0.0,0.04292527821939587,0.20126146788990826
Ikan Panggang,Ikan & Seafood,1.0,gram (g),0.1884498480243161,0.05316181029138252,0.011884372050753258,0.09375513557929335,0.0851345098816842,0.1825,0.6137062937062937,0.0040067994171928125,0.0,0.0012307692307692308,0.1886592474827769,0.19552752293577982
Ikan Salmon Panggang,Ikan & Seafood,1.0,gram (g),0.256838905775076,0.11701797892126473,0.02292984725086511,0.21585866885784716,0.1808447352766211,0.155,0.6704895104895104,0.0059494900437105395,0.0,0.0016923076923076924,0.24748277689454162,0.2264908256880734
Nila (Ikan),Ikan & Seafood,1.0,gram (g),0.14285714285714285,0.026193428394296343,0.009979377119088396,0.03179950698438784,0.032123735871505056,0.125,0.5616783216783217,0.0,0.0,0.0,0.027556968733439324,0.17316513761467892
Kakap (Ikan) (Spesies Campuran),Ikan & Seafood,1.0,gram (g),0.14893617021276595,0.02061376317420955,0.00498095005068335,0.03771569433032046,0.016590653711415167,0.0925,0.5737062937062938,0.0,0.0,0.0,0.03391626921038686,0.239105504587156
Ikan Kembung,Ikan & Seafood,1.0,gram (g),0.2507598784194529,0.1449163050216987,0.04271383131182494,0.19252259654889073,0.21184480137484304,0.16,0.5404195804195804,0.0,0.0,0.0,0.041335453100158986,0.22305045871559634
Ikan Kembung Atlantik,Ikan & Seafood,1.0,gram (g),0.30851063829787234,0.21512709237445757,0.05692264671956377,0.2752670501232539,0.36063189900191694,0.17500000000000002,0.5202797202797204,0.0,0.0,0.0,0.04769475357710652,0.18004587155963303
Ikan Lele,Ikan & Seafood,0.0,porsi (85 g),0.3069908814589666,0.1912585244885307,0.048219091894159176,0.2565324568611339,0.36420120298763964,0.1475,0.41762237762237764,0.08814958717824187,0.004819277108433735,0.011076923076923078,0.1791202967673556,0.1588302752293578
Ikan Lele Panggang,Ikan & Seafood,1.0,gram (g),0.2765957446808511,0.18133911965282087,0.04542276905868783,0.2191454396055875,0.36572146209266976,0.1375,0.507972027972028,0.004978144730451675,0.0,0.0013846153846153847,0.20402755696873345,0.2029816513761468
Ikan Salmon,Ikan & Seafood,1.0,gram (g),0.2188449848024316,0.09175449473031619,0.02202104232933692,0.1636811832374692,0.1410536056580078,0.1125,0.6047552447552448,0.0,0.0,0.0,0.024377318494965557,0.24254587155963303
Salmon Merah Muda,Ikan & Seafood,1.0,gram (g),0.17325227963525835,0.05331680099194049,0.009752175888706352,0.11117502054231718,0.06173573930861261,0.13,0.5577622377622378,0.0,0.0,0.0,0.03550609432962375,0.18520642201834864
Ikan Sarden dalam Minyak (Kalengan),Ikan & Seafood,0.0,ikan sarden,0.034954407294832825,0.021078735275883453,0.003198294243070362,0.050780608052588334,0.030669574988432816,0.0425,0.08251748251748252,0.0,0.0,0.0,0.03232644409114997,0.027522935779816515
Ikan Sarden Di dalam Air,Ikan & Seafood,1.0,gram (g),0.32674772036474165,0.19156850588964663,0.04877835646125345,0.23985209531635168,0.3378941106484236,0.20500000000000002,0.6875524475524475,0.0,0.0,0.0,0.4864864864864865,0.2563073394495413
Sarden dengan Saus Tomat (Campuran),Ikan & Seafood,1.0,gram (g),0.27963525835866265,0.16196528208307504,0.04694326960047537,0.17354149548069023,0.31865952805869524,0.1525,0.5834965034965035,0.008984944147644489,0.0012048192771084338,0.006615384615384616,0.21939586645469,0.19552752293577982
"Ikan Teri (Kering Padat dalam Minyak, Kalengan)",Ikan & Seafood,0.04040404040404041,ikan teri,0.060790273556231,0.029913205207687543,0.007707364815267922,0.04207066557107642,0.04983805935620333,0.0425,0.1616783216783217,0.0,0.0,0.0,0.3889772125066243,0.0625
Tuna dalam Air (Kalengan),Ikan & Seafood,1.0,gram (g),0.17325227963525835,0.012554246745195289,0.004089622146876856,0.02769104354971241,0.010509617291294866,0.075,0.7135664335664336,0.0,0.0,0.0,0.1791202967673556,0.13589449541284404
Tuna dalam Minyak (Kalengan),Ikan & Seafood,1.0,gram (g),0.29787234042553196,0.12709237445753258,0.026809745185081616,0.23705834018077238,0.19492365655363872,0.045,0.8148251748251748,0.0,0.0,0.0,0.1875993640699523,0.11869266055045873
Tuna Sirip Biru (Ikan),Ikan & Seafood,1.0,gram (g),0.21580547112462006,0.07579045257284564,0.02196861127617183,0.11774856203779786,0.10575715513252695,0.095,0.6525874125874125,0.0,0.0,0.0,0.020667726550079493,0.14449541284403672
Tuna Sirip Kuning (Ikan),Ikan & Seafood,1.0,gram (g),0.16109422492401215,0.014569125852448853,0.004107099164598552,0.02333607230895645,0.010179126181505719,0.1125,0.653986013986014,0.0,0.0,0.0,0.0196078431372549,0.2545871559633028
Ikan Tuna Panggang,Ikan & Seafood,1.0,gram (g),0.22948328267477203,0.06122132672039678,0.01417386137229543,0.09605587510271159,0.10106418137352106,0.1325,0.7636363636363637,0.004978144730451675,0.0,0.0013846153846153847,0.19395866454689986,0.3004587155963303
Kepiting Panggang,Ikan & Seafood,1.0,gram (g),0.20364741641337386,0.09655920644761316,0.018752840015379774,0.16269515201314708,0.160354286469694,0.23500000000000001,0.5289510489510489,0.0013355998057309373,0.0,0.0,0.2856385797562268,0.1743119266055046
Kepiting Kalengan,Ikan & Seafood,1.0,gram (g),0.1474164133738602,0.01890886546807192,0.004404208465867384,0.036154478225143796,0.014409412386806797,0.2225,0.573986013986014,0.0,0.0,0.0,0.17647058823529413,0.2144495412844037
Kerang,Ikan & Seafood,1.0,gram (g),0.32674772036474165,0.1697148171109734,0.03872907127127827,0.27608874281018897,0.29182364994381654,0.135,0.5074125874125874,0.1273676542010685,0.006024096385542169,0.012615384615384615,0.2580816110227875,0.19323394495412846
Kerang (Spesies Campuran),Ikan & Seafood,1.0,gram (g),0.13069908814589665,0.01162430254184749,0.0013806844000139814,0.021446179129005753,0.0024456342124396856,0.0825,0.4693706293706294,0.028654686741136474,0.0,0.0,0.08532061473237944,0.18463302752293578
Kerang Panggang,Ikan & Seafood,1.0,gram (g),0.19756838905775076,0.05967141971481712,0.011342584501380683,0.09687756778964668,0.0950492431753586,0.1,0.5655944055944055,0.035454103933948516,0.0,0.0,0.2792792792792793,0.22305045871559634
Kerang Kukus atau Rebus,Ikan & Seafood,1.0,gram (g),0.1580547112462006,0.04773713577185369,0.009070572197560207,0.07748562037797864,0.07601295525150374,0.08,0.4525874125874126,0.028290432248664402,0.0,0.0,0.22363540010598837,0.16055045871559634
Lobster Kukus atau Rebus,Ikan & Seafood,0.0,"kecil (berat hidup 450 g) (hasil setelah dimasak, kulit dihilangkan)",0.1702127659574468,0.010384376937383758,0.002184627215211996,0.008709942481511914,0.012360367506114087,0.21,0.671048951048951,0.018212724623603693,0.0,0.0,0.4377318494965554,0.23623853211009177
Lobster Panggang,Ikan & Seafood,0.0,"kecil (berat hidup 450 g) (hasil setelah dimasak, kulit dihilangkan)",0.20516717325227962,0.05486670799752015,0.03402775350414205,0.01733771569433032,0.06140524819882346,0.225,0.6528671328671328,0.017727051966974258,0.0,0.0,0.3937466878643349,0.22993119266055048
Udang (Karang) Rebus atau Kukus,Ikan & Seafood,1.0,gram (g),0.12006079027355623,0.018288902665840052,0.003128386172183578,0.02990961380443714,0.0159957697137947,0.33,0.46517482517482517,0.0,0.0,0.0,0.2204557498675146,0.16857798165137616
Dimasak Hidup-hidup,Ikan & Seafood,1.0,gram (g),0.19908814589665652,0.06556106633601985,0.015152574364710404,0.10041084634346754,0.10714521779364136,0.14,0.6153846153846154,0.004978144730451675,0.0,0.0013846153846153847,0.2209856915739269,0.24483944954128442
Dipanggang Hidup-hidup,Ikan & Seafood,1.0,gram (g),0.19908814589665652,0.06556106633601985,0.015152574364710404,0.10041084634346754,0.10714521779364136,0.14,0.6153846153846154,0.004978144730451675,0.0,0.0013846153846153847,0.2209856915739269,0.24483944954128442
Tiram,Ikan & Seafood,1.0,gram (g),0.10030395136778116,0.0379727216367018,0.013492257681149287,0.07953985209531635,0.020754841694758414,0.1325,0.1972027972027972,0.04747450218552696,0.0,0.0,0.11181770005299418,0.08944954128440367
Udang Panggang,Ikan & Seafood,1.0,gram (g),0.23100303951367782,0.0778053316800992,0.016585689817889472,0.1373048479868529,0.11223478088439422,0.4575,0.6844755244755244,0.01420592520641088,0.0,0.0,0.2713301536830949,0.12844036697247707
Udang Kukus atau Rebus,Ikan & Seafood,1.0,gram (g),0.2066869300911854,0.03487290762554247,0.007480163584885874,0.07173377156943303,0.021812413246083684,0.495,0.7412587412587412,0.014448761534725595,0.0,0.0,0.31213566507684154,0.09690366972477064
Buncis,Kacang Kacangan,1.0,gram (g),0.044072948328267476,0.001704897706137632,0.00045440246076409514,0.004847986852917009,0.0003304911097891467,0.0,0.05090909090909091,0.08657115104419622,0.04096385542168675,0.021538461538461538,0.003179650238473768,0.1198394495412844
Kacang Panjang Hijau,Kacang Kacangan,1.0,gram (g),0.044072948328267476,0.001704897706137632,0.00045440246076409514,0.004847986852917009,0.0003304911097891467,0.0,0.05090909090909091,0.08657115104419622,0.04096385542168675,0.021538461538461538,0.003179650238473768,0.1198394495412844
Kacang Merah (Kalengan),Kacang Kacangan,1.0,gram (g),0.12613981762917933,0.005114693118412896,0.0008738508860847984,0.01552999178307313,0.0017846519928613922,0.0,0.14685314685314685,0.18929091792132102,0.07710843373493977,0.003384615384615385,0.1807101218865925,0.14736238532110094
"Kacang Belang (Biji Matang, Kalengan)",Kacang Kacangan,1.0,gram (g),0.1276595744680851,0.012399256044637324,0.002918661959523227,0.023746918652423992,0.010707911957168354,0.0,0.13594405594405595,0.18516270033997087,0.05542168674698795,0.003384615384615385,0.15580286168521465,0.1393348623853211
Kacang Belang (Biji Matang),Kacang Kacangan,1.0,gram (g),0.5243161094224924,0.01890886546807192,0.004107099164598552,0.03344289235825801,0.01513649282834292,0.0,0.5991608391608392,0.7594706168042739,0.18674698795180725,0.03246153846153846,0.006359300476947536,0.7987385321100918
"Kacang Merah (tanpa Garam, Dimasak, Direbus)",Kacang Kacangan,1.0,gram (g),0.1899696048632219,0.0075945443273403605,0.0012583452759621096,0.022596548890714874,0.0025778306563553443,0.0,0.2425174825174825,0.2768334142787761,0.07710843373493977,0.004923076923076923,0.0005299417064122947,0.23222477064220184
Kacang Panggang Vegetarian,Kacang Kacangan,1.0,gram (g),0.1398176291793313,0.005579665220086795,0.001537977559509245,0.010928512736236648,0.005486152422499836,0.0,0.13286713286713286,0.2566779990286547,0.04939759036144578,0.13907692307692307,0.1785903550609433,0.12442660550458716
Kacang Panggang Boston,Kacang Kacangan,1.0,gram (g),0.23252279635258358,0.07827030378177309,0.03131881575727918,0.05513557929334429,0.15367836605195323,0.0125,0.16895104895104895,0.2676056338028169,0.046987951807228916,0.09846153846153848,0.24059353471118178,0.2419724770642202
Tahu Goreng,Kacang Kacangan,0.0,buah,0.05015197568389058,0.04045257284562927,0.006623789716522772,0.1216926869350863,0.03827087051358319,0.0,0.06237762237762238,0.01651287032540068,0.006024096385542169,0.005384615384615384,0.0010598834128245894,0.010894495412844037
Keju Colby Jack,Susu,0.0,iris (28 g),0.16261398176291794,0.1370117792932424,0.09732951169212484,0.02161051766639277,0.1689470553242118,0.065,0.19132867132867132,0.0055852355512384655,0.0,0.002153846153846154,0.08585055643879173,0.016628440366972478
Keju Amerika,Susu,0.0,iris (28 g),0.14285714285714285,0.1143831370117793,0.07719598727673109,0.025472473294987676,0.13979773944080906,0.0575,0.15020979020979022,0.023919378338999514,0.0,0.028153846153846158,0.19501854795972445,0.04415137614678899
Keju Cheddar atau Colby Rendah Lemak,Susu,0.0,iris (28 g),0.07142857142857142,0.03053316800991941,0.021514208815407738,0.0051766639276910435,0.03899795095511931,0.015,0.193006993006993,0.00655658086449733,0.0,0.002307692307692308,0.09220985691573927,0.010894495412844037
Keju Provolone,Susu,0.0,iris (28 g),0.1458966565349544,0.11531308121512711,0.08357509874515012,0.017666392769104356,0.13682331945270673,0.0475,0.2002797202797203,0.007285089849441476,0.0,0.0024615384615384616,0.12983571807101218,0.02236238532110092
Keju Parmesan (Parut),Susu,0.0,sdm,0.0303951367781155,0.022008679479231248,0.015117620329267011,0.004847986852917009,0.02769515500033049,0.01,0.053706293706293706,0.002428363283147159,0.0,0.0006153846153846154,0.040275569687334395,0.0034403669724770644
Keju Parmesan Parut Kering,Susu,0.0,sdm,0.0303951367781155,0.022008679479231248,0.015117620329267011,0.004847986852917009,0.02769515500033049,0.01,0.053706293706293706,0.002428363283147159,0.0,0.0006153846153846154,0.040275569687334395,0.0034403669724770644
Keju Parmesan Keras,Susu,1.0,gram (g),0.5927051671732523,0.4001859888406696,0.2867978608130308,0.046754313886606405,0.49672813801308746,0.17,1.0,0.03909664885866926,0.0,0.01230769230769231,0.848966613672496,0.052752293577981654
Keju Krim,Susu,0.0,sdm,0.07446808510638298,0.07827030378177309,0.05566430144360166,0.015036976170912078,0.09432216273382248,0.04,0.030489510489510492,0.00473530840213696,0.0,0.00046153846153846153,0.022787493375728673,0.00974770642201835
Keju Krim Proses tanpa atau Bebas Lemak,Susu,0.0,sdm,0.019756838905775075,0.0030998140111593306,0.002446782481037436,0.0007395234182415776,0.0034371075418071256,0.0025,0.06293706293706294,0.010927634774162216,0.0,0.0009230769230769231,0.04504504504504505,0.014334862385321102
Keju Krim (Rendah Lemak),Susu,0.0,sdm,0.05015197568389058,0.0407625542467452,0.029064280471180395,0.0078060805258833195,0.04924317535858286,0.02,0.044475524475524476,0.012748907236522585,0.0,0.00046153846153846153,0.023317435082140965,0.014334862385321102
Margarin,Susu,0.0,sdm,0.11094224924012158,0.13096714197148174,0.025096997448355408,0.2900575184880854,0.19201533478749422,0.0,0.0025174825174825175,0.0,0.0,0.0,0.059353471118177,0.0022935779816513763
"Margarin (Minyak Nabati, 20% Lemak )",Susu,0.0,sdm,0.0364741641337386,0.04510229386236826,0.007515117620329266,0.09909613804437141,0.07416220503668453,0.0,0.0,0.0007285089849441476,0.0,0.0,0.058293587705352416,0.0022935779816513763
Mentega,Susu,0.0,sdm,0.1519756838905775,0.17839429634221948,0.1274773672620504,0.03549712407559573,0.19730319254412057,0.0775,0.0033566433566433566,0.00012141816415735795,0.0,0.00015384615384615385,0.0010598834128245894,0.0017201834862385322
Mentega (Asin),Susu,0.0,sdm,0.1519756838905775,0.17839429634221948,0.1274773672620504,0.03549712407559573,0.19730319254412057,0.0775,0.0033566433566433566,0.00012141816415735795,0.0,0.00015384615384615385,0.04345521992580816,0.0017201834862385322
Mentega Dikocok (Asin),Susu,0.0,sdm,0.09878419452887538,0.11794792312461254,0.08294592610716907,0.023253903040262938,0.1455482847511402,0.0525,0.0022377622377622378,0.00012141816415735795,0.0,0.00015384615384615385,0.041335453100158986,0.0011467889908256881
Susu,Susu,0.0,gelas,0.182370820668693,0.07548047117172971,0.05181935754482854,0.02046014790468365,0.08599378676713597,0.0425,0.2246153846153846,0.13950947061680427,0.0,0.1936923076923077,0.052994170641229466,0.20699541284403672
Susu Murni,Susu,1.0,ml,0.0911854103343465,0.05176689398636083,0.03360830507882135,0.016516023007395235,0.055324211778703156,0.025,0.09286713286713286,0.056580864497328805,0.0,0.08338461538461539,0.02172760996290408,0.08428899082568808
1% Lemak Susu,Susu,0.0,gelas,0.1519756838905775,0.036577805331680105,0.027001992380020268,0.006984387838948234,0.04468239804349264,0.03,0.22993006993006995,0.14788732394366197,0.0,0.19523076923076924,0.05670376258611553,0.20986238532110094
2% Lemak Susu,Susu,1.0,gram (g),0.0729483282674772,0.030378177309361442,0.02196861127617183,0.005998356614626129,0.037015004296384435,0.02,0.0923076923076923,0.05682370082564352,0.0,0.07784615384615384,0.02172760996290408,0.08600917431192662
Susu (tanpa Lemak),Susu,0.0,gelas,0.1276595744680851,0.006664600123992562,0.005015904086126743,0.0013968775677896468,0.007601295525150375,0.0125,0.23356643356643356,0.14424477901894125,0.0,0.19184615384615386,0.06730259671436142,0.23337155963302753
Susu Rendah Lemak,Susu,0.0,mangkok,0.1519756838905775,0.036577805331680105,0.027001992380020268,0.006984387838948234,0.04468239804349264,0.03,0.22993006993006995,0.14788732394366197,0.0,0.19523076923076924,0.05670376258611553,0.20986238532110094
Susu dengan Lemak yang telah Dikurangi,Susu,0.0,gelas,0.182370820668693,0.07439553626782393,0.05360201335244154,0.014626129827444535,0.09029017119439489,0.05,0.2251748251748252,0.13865954346770276,0.0,0.19,0.052994170641229466,0.20986238532110094
Yogurt Polos,Susu,1.0,gram (g),0.09270516717325228,0.02386856788592685,0.017477017721695968,0.0036154478225143795,0.0281578425540353,0.015,0.14685314685314685,0.08547838756677999,0.0,0.10830769230769231,0.03709591944886063,0.1341743119266055
Yogurt Polos Rendah Lemak,Susu,1.0,gram (g),0.09270516717325228,0.02386856788592685,0.017477017721695968,0.0036154478225143795,0.0281578425540353,0.015,0.14685314685314685,0.08547838756677999,0.0,0.10830769230769231,0.03709591944886063,0.1341743119266055
Yogurt Polos tanpa Lemak,Susu,1.0,gram (g),0.08206686930091185,0.002634841909485431,0.0020273340557167324,0.0004108463434675432,0.003238812875933638,0.005,0.1602797202797203,0.0932491500728509,0.0,0.11815384615384615,0.04080551139374669,0.14621559633027523
Yoghurt Vanila (Rendah Lemak),Susu,0.0,mangkok (240 ml),0.3130699088145897,0.04727216367017979,0.034517110000349537,0.007230895645028759,0.055522506444576646,0.03,0.3379020979020979,0.4105148130160272,0.0,0.5201538461538462,0.08585055643879173,0.3079128440366973
Yogurt Polos (Rendah Lemak ),Susu,1.0,gram (g),0.09270516717325228,0.02386856788592685,0.017477017721695968,0.0036154478225143795,0.0281578425540353,0.015,0.14685314685314685,0.08547838756677999,0.0,0.10830769230769231,0.03709591944886063,0.1341743119266055
Makaroni,Karbohidrat,1.0,gram (g),0.23556231003039513,0.014104153750774956,0.003058478101296794,0.026047658175842234,0.008592768854517815,0.0,0.16111888111888112,0.37251092763477417,0.02168674698795181,0.008615384615384617,0.12294647588765237,0.025802752293577983
Makaroni Gandum,Karbohidrat,1.0,gram (g),0.1838905775075988,0.008214507129572227,0.001712747736726205,0.017419884963023827,0.0049573666468372005,0.0,0.14825174825174825,0.32030111704711023,0.033734939759036145,0.01230769230769231,0.12400635930047696,0.02522935779816514
Makaroni atau Mie dengan Keju,Karbohidrat,0.0,mangkok,0.7462006079027356,0.3538437693738376,0.1682162955713237,0.2940838126540674,0.5188049441470025,0.10250000000000001,0.5395804195804196,0.6331957260806217,0.032530120481927716,0.13415384615384618,0.5050344462109169,0.18807339449541285
Makaroni atau Mie dengan Keju (Campuran Ditumbuk dengan Saus Keju),Karbohidrat,0.0,mangkok,0.5835866261398176,0.17947923124612525,0.11568038029990561,0.07469186524239935,0.1899001916848437,0.065,0.4274125874125874,0.6591792132102963,0.03614457831325302,0.0376923076923077,0.41653418124006364,0.07568807339449542
Makanan Pembuka Makaroni dan Keju (Kalengan),Karbohidrat,0.0,porsi,0.3009118541033435,0.09283942963422195,0.03757558810164633,0.060723089564502876,0.09676779694626216,0.0375,0.23076923076923078,0.3413064594463332,0.014457831325301205,0.01876923076923077,0.5442501324854266,0.11754587155963303
Makaroni atau Mie dengan Keju (Campuran Kering),Karbohidrat,1.0,gram (g),0.3297872340425532,0.15576565406075638,0.04374497535740501,0.21840591618734592,0.2791327913279133,0.01,0.17482517482517482,0.31253035454103933,0.016867469879518072,0.04246153846153846,0.19342872284048757,0.04988532110091744
Makaroni Krim dengan Keju,Karbohidrat,1.0,gram (g),0.3130699088145897,0.1329820210787353,0.06454262644622322,0.1077239112571898,0.19413047789014476,0.04,0.22741258741258744,0.2924963574550753,0.016867469879518072,0.008,0.08850026497085321,0.034977064220183485
Mie,Karbohidrat,1.0,gram (g),0.20516717325227962,0.031773093614383144,0.007287916389947218,0.045110928512736244,0.038204772291625354,0.0725,0.12615384615384614,0.3036668285575522,0.014457831325301205,0.006153846153846155,0.12506624271330155,0.021788990825688075
"Mie Telur (Ditambah, Masak)",Karbohidrat,1.0,gram (g),0.2066869300911854,0.0319280843149411,0.00732287042539061,0.0017255546425636813,0.0364862185207218,0.0014525,0.126993006993007,0.3054881010199126,0.3493975903614458,0.018461538461538463,0.0002119766825649179,0.0028669724770642203
Mie Gandum,Karbohidrat,1.0,gram (g),0.17933130699088146,0.021078735275883453,0.005994617078541717,0.029580936729663106,0.02399365457069205,0.08,0.1485314685314685,0.2852112676056338,0.046987951807228916,0.002923076923076923,0.08373078961314256,0.08027522935779817
Mie Cina Chow Mein,Karbohidrat,0.0,mangkok,0.35714285714285715,0.21435213887166774,0.03448215596490615,0.6408381265406738,0.22869984797408952,0.0,0.10545454545454545,0.31435162700339975,0.02168674698795181,0.0018461538461538461,0.10492845786963435,0.03096330275229358
Nasi Putih Instan,Karbohidrat,0.0,"mangkok,masak",0.2872340425531915,0.012709237445753255,0.0004893564962074871,0.0023007395234182415,0.00799788485689735,0.0,0.09958041958041958,0.498300145701797,0.012048192771084338,0.0,0.3084260731319555,0.008600917431192661
Nasi Putih,Karbohidrat,1.0,gram (g),0.19300911854103342,0.004184748915065097,0.0013282533468488935,0.006162695152013147,0.005750545310331152,0.0,0.07440559440559441,0.33875667799902864,0.004819277108433735,0.0007692307692307693,0.19342872284048757,0.020068807339449542
Nasi Merah,Karbohidrat,1.0,gram (g),0.1641337386018237,0.013639181649101056,0.003128386172183578,0.02637633525061627,0.02148192213629454,0.0,0.07160839160839161,0.27659057795046144,0.02168674698795181,0.005384615384615384,0.1595124536301007,0.024655963302752295
Nasi Goreng,Karbohidrat,1.0,gram (g),0.25227963525835867,0.0964042157470552,0.019871369149568316,0.2217748562037798,0.12604930927358055,0.13,0.17622377622377622,0.2557066537153958,0.008433734939759036,0.011692307692307693,0.2199258081611023,0.058486238532110095
Nasi Goreng tanpa Daging,Karbohidrat,1.0,gram (g),0.22644376899696048,0.08477991320520771,0.016183718410290468,0.20698438783894824,0.10674862846189438,0.11,0.11832167832167834,0.2546138902379796,0.012048192771084338,0.017230769230769234,0.22522522522522523,0.053325688073394495
Nasi Merah Instan,Karbohidrat,0.0,"mangkok,masak",0.35106382978723405,0.029138251704897707,0.006641266734244468,0.05595727198027938,0.04554167492894441,0.0,0.15188811188811188,0.5863283147158815,0.04578313253012048,0.011384615384615385,0.33810280869104403,0.052178899082568814
"Nasi Merah (Butir-Panjang, Dimasak)",Karbohidrat,1.0,gram (g),0.1656534954407295,0.013794172349659023,0.0031458631899052743,0.02654067378800329,0.021614118580210197,0.0,0.07216783216783217,0.27877610490529386,0.02168674698795181,0.005384615384615384,0.0026497085320614736,0.024655963302752295
"Nasi Putih (Butir-Panjang, Dimasak)",Karbohidrat,1.0,gram (g),0.1945288753799392,0.004184748915065097,0.0013457303645705895,0.006244864420706655,0.005816643532288982,0.0,0.07524475524475524,0.34203496843127734,0.004819277108433735,0.0007692307692307693,0.0005299417064122947,0.020068807339449542
Spageti,Karbohidrat,1.0,gram (g),0.23556231003039513,0.014104153750774956,0.003058478101296794,0.026047658175842234,0.008592768854517815,0.0,0.16111888111888112,0.37251092763477417,0.02168674698795181,0.008615384615384617,0.12294647588765237,0.025802752293577983
Pasta dengan Saus Daging,Karbohidrat,0.0,mangkok,0.4969604863221885,0.20226286422814635,0.0758502569121605,0.11002465078060805,0.3726617753982418,0.1275,0.5655944055944055,0.404686741136474,0.04578313253012048,0.13030769230769232,1.0,0.4650229357798165
Pasta tanpa Daging dengan Saus Tomat,Karbohidrat,0.0,mangkok,0.31003039513677816,0.017978921264724116,0.003862420916494809,0.034839769926047655,0.011302795954788818,0.0,0.21146853146853145,0.5046138902379796,0.042168674698795185,0.09769230769230769,0.2183359830418654,0.20355504587155965
Spageti Gandum,Karbohidrat,1.0,gram (g),0.1838905775075988,0.008214507129572227,0.001712747736726205,0.017419884963023827,0.0049573666468372005,0.0,0.14825174825174825,0.32030111704711023,0.05421686746987952,0.01230769230769231,0.12400635930047696,0.02522935779816514
Kaldu Sapi,Sup,0.0,gelas (240 ml),0.007598784194528875,0.0027898326100433976,0.001677793701282813,0.0,0.004759071980963712,0.0,0.023496503496503496,0.009713453132588637,0.0,0.009692307692307693,0.613142554319025,0.010894495412844037
Kaldu Jamur,Sup,1.0,gram (g),0.007598784194528875,0.0,0.0,0.0,0.0,0.0,0.024335664335664337,0.01007770762506071,0.0,0.006923076923076923,0.7021727609962904,0.013188073394495414
Sayuran Rebus (tanpa Daging),Sup,1.0,gram (g),0.08206686930091185,0.014879107253564788,0.007742318850711314,0.006655710764174199,0.02392755634873422,0.0025,0.07412587412587412,0.11813987372510928,0.020481927710843374,0.02969230769230769,0.1197668256491786,0.1261467889908257
Daging Sapi Rebus dengan Kentang dan Sayuran dalam Saus Tomat,Sup,0.0,mangkok,0.3115501519756839,0.08896466212027279,0.026250480617987345,0.11865242399342646,0.14158239143367043,0.0825,0.46517482517482517,0.26590577950461386,0.03614457831325302,0.04261538461538462,0.2898781134075252,0.36123853211009177
Sup Tomat,Sup,0.0,mangkok,0.1519756838905775,0.045257284562926235,0.017267293509035615,0.08118323746918653,0.04805340736334193,0.0125,0.0853146853146853,0.2177027683341428,0.012048192771084338,0.16215384615384615,0.37360890302066774,0.17603211009174313
"Sayur Sup (Kalengan, Terkondensasi)",Sup,0.0,mangkok,0.21732522796352582,0.06013639181649102,0.010311440455800621,0.11922760887428102,0.1105823253354485,0.0,0.11832167832167834,0.2921321029626032,0.014457831325301205,0.11846153846153847,0.8759936406995231,0.24139908256880735
Sup Mie Ayam,Sup,0.0,mangkok,0.09574468085106383,0.03688778673279604,0.011499877660875948,0.05447822514379622,0.06927093661180515,0.035,0.08895104895104895,0.08984944147644489,0.0,0.016307692307692308,0.4599894011658718,0.030389908256880736
Sup Miso,Sup,0.0,mangkok,0.12462006079027355,0.05192188468691879,0.010870705022894892,0.11454396055875102,0.07171657082424483,0.0,0.16839160839160838,0.09446333171442449,0.02289156626506024,0.039846153846153844,0.5288818229994701,0.21043577981651376
Sup Ayam,Sup,0.0,mangkok,0.11094224924012158,0.0379727216367018,0.011377538536824076,0.04552177485620378,0.07330292815123274,0.0175,0.11328671328671328,0.11352598348712968,0.008433734939759036,0.004153846153846155,0.5861155272919979,0.03153669724770643
Sup Nasi Ayam,Sup,0.0,mangkok,0.08814589665653495,0.029293242405455673,0.007917089027928273,0.0342645850451931,0.05988498909379339,0.0175,0.09902097902097902,0.08693540553666829,0.008433734939759036,0.002923076923076923,0.43296237413884475,0.05791284403669725
Sup Ayam Kental (Kalengan),Sup,0.0,mangkok,0.25531914893617025,0.09810911345319281,0.033136425600335556,0.10846343467543139,0.1871901645845727,0.0725,0.3395804195804196,0.20046138902379798,0.016867469879518072,0.03215384615384615,0.45045045045045046,0.0963302752293578
"Sup Ayam (dan) Sayur (dengan Volume Air yang Sama, Kalengan)",Sup,0.0,gelas (240 ml),0.11094224924012158,0.04386236825790453,0.014750602957111397,0.04946589975349219,0.08440742944014806,0.025,0.10125874125874126,0.10417678484701312,0.012048192771084338,0.02,0.5007949125596185,0.08830275229357798
Sup Mie Daging Sapi,Sup,0.0,mangkok,0.12310030395136778,0.04742715437073776,0.019958754238176793,0.04026294165981923,0.08209399167162404,0.0125,0.1351048951048951,0.10903351141330744,0.008433734939759036,0.039846153846153844,0.5055643879173292,0.05733944954128441
Sup Mie Instan,Sup,0.0,mangkok,0.0668693009118541,0.012864228146311222,0.004578978643084344,0.014543960558751026,0.02128362747042105,0.0175,0.060419580419580426,0.08887809616318602,0.006024096385542169,0.006615384615384616,0.40169581346051936,0.034403669724770644
Daging Sapi Gaya Oriental dan Sup Beras ( Pho Bo Vietnam),Sup,0.0,mangkok,0.26443768996960487,0.05967141971481712,0.024520255863539443,0.01963845521774856,0.10469958358120168,0.0975,0.48531468531468536,0.2041039339485187,0.012048192771084338,0.016153846153846154,0.35453100158982515,0.17488532110091745
"Sup Tomat (Kalengan, Terkondensasi)",Sup,0.0,mangkok,0.22644376899696048,0.021698698078115315,0.012024188192526824,0.07362366474938373,0.05591909577632362,0.0,0.113006993006993,0.4086935405536668,0.03614457831325302,0.31323076923076926,0.7329093799682035,0.32970183486238536
Krim Sup Tomat (Disiapkan dengan Susu),Sup,0.0,mangkok,0.20364741641337386,0.04866707997520149,0.03198294243070362,0.04708299096138044,0.07112168682662438,0.025,0.1692307692307692,0.2746478873239437,0.01807228915662651,0.25369230769230766,0.3932167461579227,0.2689220183486239
Sup Tomat (Disiapkan dengan Air),Sup,0.0,mangkok,0.11246200607902736,0.010849349039057658,0.006012094096263412,0.036894001643385375,0.02789344966620398,0.0,0.05678321678321678,0.20446818844099077,0.01807228915662651,0.15646153846153846,0.3672496025437202,0.1651376146788991
Kuning Telur Matang,Telur,0.0,besar,0.08054711246200608,0.06943583384996901,0.02826033765598238,0.05850451930977814,0.13140326525216472,0.5225,0.07524475524475524,0.007406508013598835,0.0,0.0015384615384615387,0.018018018018018018,0.010894495412844037
Telur Orak-Arik,Telur,0.010101010101010102,telur,0.2993920972644377,0.23558586484810914,0.10108707050228947,0.15209531635168447,0.3659197567585432,1.0,0.36391608391608393,0.023797960174842158,0.0,0.022,0.11181770005299418,0.07912844036697247
"Telur Orak-Arik (Utuh, Dimasak)",Telur,0.0,besar,0.15045592705167174,0.11531308121512711,0.039218427767485756,0.10764174198849631,0.19221362945336773,0.5375,0.1890909090909091,0.016270033997085966,0.0,0.016307692307692308,0.0906200317965024,0.0481651376146789
Telur Dadar atau Telur Orak-Arik,Telur,0.0,besar,0.1458966565349544,0.11050836949783013,0.03645705896745779,0.10213640098603123,0.1895036023530967,0.5325,0.1904895104895105,0.013963088878096162,0.0,0.018,0.13089560148383678,0.052178899082568814
Telur Dadar atau Telur Orak-Arik dengan Keju,Telur,0.0,besar,0.20972644376899696,0.16057036577805334,0.07219756020832604,0.109531635168447,0.24793443056381786,0.5325,0.25594405594405595,0.02707625060709082,0.0,0.034,0.21780604133545312,0.07396788990825688
Telur Dadar atau Telur Orak-Arik dengan Jamur,Telur,0.0,besar,0.135258358662614,0.09810911345319281,0.03266454612184976,0.09071487263763353,0.16617093000198296,0.4625,0.1781818181818182,0.024890723652258376,0.004819277108433735,0.02461538461538462,0.15315315315315317,0.06135321100917432
Putih Telur,Telur,1.0,gram (g),0.07598784194528875,0.0024798512089274647,0.0,0.0,0.0,0.0,0.3048951048951049,0.008863525983487129,0.0,0.010923076923076923,0.08797032326444092,0.09346330275229359
Pengganti Telur (Cair),Telur,1.0,gram (g),0.12462006079027355,0.05114693118412896,0.011517354678597644,0.13171733771569433,0.05922400687421509,0.0025,0.3356643356643357,0.007770762506070909,0.0,0.009846153846153846,0.09379968203497616,0.18922018348623854
Putih Telur Matang,Telur,0.0,besar,0.022796352583586626,0.0007749535027898327,0.0,0.0,0.0,0.0,0.10013986013986015,0.0029140359397765905,0.0,0.003538461538461539,0.05617382087970323,0.030389908256880736
Telur,Telur,0.0,besar,0.1094224924012158,0.0768753874767514,0.02708937746862875,0.056039441248972886,0.1259171128296649,0.53,0.17594405594405593,0.004613890237979602,0.0,0.005846153846153846,0.03709591944886063,0.038417431192660556
Telur Rebus,Telur,0.0,besar,0.11398176291793313,0.08168009919404837,0.02843510783319934,0.05784716516023007,0.13417939057439354,0.5275,0.1751048951048951,0.006799417192812045,0.0,0.008615384615384617,0.07366189719130896,0.03612385321100918
Telur Ceplok,Telur,0.0,besar,0.13677811550151975,0.10895846249225048,0.034517110000349537,0.10057518488085455,0.19294070989490386,0.525,0.17538461538461536,0.004856726566294318,0.0,0.005846153846153846,0.0498145204027557,0.0389908256880734
Telur Dadar,Telur,0.0,besar,0.13829787234042554,0.11345319280843151,0.03588031738264182,0.10509449465899753,0.2012029876396325,0.5425,0.18125874125874128,0.005099562894609034,0.0,0.006153846153846155,0.05193428722840488,0.040137614678899085
Telur Dadar atau Telur Orak-Arik dengan Sayuran,Telur,0.0,besar,0.1580547112462006,0.11360818350898948,0.03790765143835856,0.10468364831553,0.19333729922665083,0.54,0.20195804195804196,0.02889752306945119,0.0036144578313253013,0.02861538461538462,0.1483836777954425,0.06708715596330275
Telur Dadar atau Telur Orak-Arik dengan Sosis,Telur,0.0,sedang,0.2720364741641338,0.22086174829510233,0.07565800971722184,0.18570254724732949,0.3969198228567652,0.5375,0.31132867132867137,0.015662943176299175,0.0,0.020153846153846154,0.17064122946475888,0.09231651376146789
Telur Goreng,Telur,0.0,besar,0.13221884498480244,0.1046187228766274,0.03285679331678842,0.09975349219391948,0.18203450327186202,0.525,0.17454545454545456,0.0052209810587663915,0.0,0.005846153846153846,0.12612612612612614,0.038417431192660556
Telur Goreng tanpa Lemak,Telur,0.0,besar,0.10790273556231003,0.07625542467451954,0.0268621762382467,0.05562859490550535,0.12492563950029745,0.525,0.17454545454545456,0.004613890237979602,0.0,0.005846153846153846,0.11817700052994172,0.03784403669724771
Telur Rebus Lunak,Telur,0.0,sedang,0.10030395136778116,0.07191568505889648,0.025027089377468625,0.05094494658997535,0.11811752263864103,0.465,0.1541258741258741,0.0059494900437105395,0.0,0.007538461538461539,0.06465288818229994,0.03153669724770643
Acar,Sayur,0.0,sedang,0.01519756838905775,0.001704897706137632,0.000541787549372575,0.004108463434675432,0.0001321964439156587,0.0,0.011188811188811189,0.03254006799417193,0.00963855421686747,0.035076923076923075,0.4414414414414415,0.04300458715596331
Acar Mentimun Manis,Sayur,1.0,gram (g),0.17477203647416414,0.003874767513949164,0.001153483169631934,0.008709942481511914,0.0002643928878313174,0.0,0.010349650349650349,0.3862311801845556,0.013253012048192772,0.2250769230769231,0.4976152623211447,0.01834862385321101
Acar Mentimun Asam,Sayur,1.0,gram (g),0.013677811550151974,0.0029448233106013646,0.0009088049215281903,0.006737880032867708,0.00019829466587348803,0.0,0.009230769230769232,0.027440505099562893,0.014457831325301205,0.016307692307692308,0.640169581346052,0.013188073394495414
Bawang,Sayur,1.0,gram (g),0.060790273556231,0.0010849349039057658,0.00045440246076409514,0.005094494658997535,0.0015202591050300748,0.0,0.025734265734265734,0.12275376396308887,0.016867469879518072,0.06584615384615386,0.001589825119236884,0.08256880733944955
Bawang Merah,Sayur,1.0,gram (g),0.060790273556231,0.0010849349039057658,0.00045440246076409514,0.005094494658997535,0.0015202591050300748,0.0,0.025734265734265734,0.12275376396308887,0.016867469879518072,0.06584615384615386,0.001589825119236884,0.08256880733944955
Daun Bawang (Loncang),Sayur,1.0,gram (g),0.04559270516717325,0.0027898326100433976,0.000559264567094271,0.006080525883319639,0.0017846519928613922,0.0,0.05118881118881119,0.08912093249150073,0.03132530120481928,0.03584615384615385,0.008479067302596715,0.15825688073394495
Bawang Hijau Muda,Sayur,1.0,gram (g),0.04559270516717325,0.0027898326100433976,0.000559264567094271,0.006080525883319639,0.0017846519928613922,0.0,0.05118881118881119,0.08912093249150073,0.03132530120481928,0.03584615384615385,0.008479067302596715,0.15825688073394495
Bawang Putih,Sayur,0.0,siung,0.00303951367781155,0.00015499070055796654,5.2431053165087906e-05,0.0005751848808545604,0.0,0.0,0.005314685314685315,0.012020398251578437,0.0012048192771084338,0.00046153846153846153,0.0005299417064122947,0.006880733944954129
Bawang Putih Cincang,Sayur,0.0,sdt,0.004559270516717326,0.0003099814011159331,6.990807088678388e-05,0.0007395234182415776,0.0,0.0,0.006993006993006993,0.01602719766877125,0.0012048192771084338,0.0006153846153846154,0.0005299417064122947,0.009174311926605505
Bawang Putih Dimasak,Sayur,0.0,siung,0.0015197568389057749,0.0,3.495403544339194e-05,0.0004108463434675432,0.0,0.0,0.0036363636363636364,0.008013598834385625,0.0,0.0003076923076923077,0.0,0.0045871559633027525
Bawang Putih Bubuk,Sayur,0.0,sdt,0.010638297872340425,0.00015499070055796654,6.990807088678388e-05,0.0009038619556285949,0.0,0.0,0.013146853146853146,0.02476930548810102,0.0036144578313253013,0.010461538461538463,0.0005299417064122947,0.017775229357798166
Bayam,Sayur,1.0,gram (g),0.031914893617021274,0.005889646621202729,0.001101052116466846,0.013557929334428924,0.0006609822195782934,0.0,0.08,0.044074793589120934,0.026506024096385545,0.006461538461538461,0.04186539480657128,0.31995412844036697
"Bayam (Cincang atau Daun, Beku)",Sayur,1.0,gram (g),0.044072948328267476,0.011469311841289524,0.005103289174735222,0.013640098603122434,0.0,0.0,0.11020979020979021,0.05257406508013599,0.03734939759036145,0.013384615384615385,0.0392156862745098,0.21330275229357798
Bayam Bayi/Kecil,Sayur,0.0,mangkok,0.007598784194528875,0.001704897706137632,0.0003320633367122234,0.004108463434675432,0.00019829466587348803,0.0,0.024055944055944054,0.013234579893152017,0.008433734939759036,0.002,0.012718600953895072,0.09575688073394496
"Bayam (Kering Padat, Kaleng)",Sayur,0.0,mangkok,0.07142857142857142,0.016429014259144455,0.0030235240658534022,0.03672966310599836,0.00198294665873488,0.0,0.1681118881118881,0.08839242350655659,0.06144578313253012,0.013230769230769232,0.030736618971913092,0.4243119266055046
Bayam Dimasak (dari Segar),Sayur,1.0,gram (g),0.057750759878419454,0.03471791692498451,0.007252962354503826,0.05661462612982744,0.06272721263798005,0.0,0.08055944055944056,0.044681884409907724,0.027710843373493974,0.006461538461538461,0.151033386327504,0.2591743119266055
Brokoli,Sayur,1.0,gram (g),0.0486322188449848,0.005579665220086795,0.0006816036911461427,0.0031224322103533277,0.0007270804415361227,0.0,0.07888111888111887,0.08062166100048568,0.03132530120481928,0.026153846153846156,0.017488076311605726,0.18119266055045874
Brokoli Dimasak (Lemak tidak Ditambahkan dalam Masakan),Sayur,1.0,gram (g),0.05015197568389058,0.006199628022318661,0.0013806844000139814,0.013886606409202959,0.0026439288783131737,0.0,0.0662937062937063,0.08669256920835357,0.03975903614457831,0.02123076923076923,0.14732379438261792,0.16685779816513763
Brokoli Cina (Dimasak),Sayur,1.0,gram (g),0.0303951367781155,0.011004339739615624,0.0019224719493865564,0.027115858668857847,0.0033049110978914673,0.0,0.031888111888111886,0.046260320543953376,0.030120481927710843,0.012923076923076923,0.0037095919448860626,0.1496559633027523
"Brokoli (Tusuk, Beku)",Sayur,1.0,gram (g),0.041033434650455926,0.005114693118412896,0.0009088049215281903,0.013311421528348398,0.0015863573269879042,0.0,0.08559440559440559,0.0649587178241865,0.03614457831325302,0.022615384615384617,0.009009009009009009,0.143348623853211
Daun Bawang,Sayur,1.0,gram (g),0.08966565349544073,0.00449473031618103,0.0006990807088678387,0.013640098603122434,0.0002643928878313174,0.0,0.04195804195804196,0.17180670228266148,0.02168674698795181,0.060000000000000005,0.010598834128245894,0.10321100917431193
Bawang Bombay Dimasak,Sayur,1.0,gram (g),0.1398176291793313,0.06184128952262865,0.012845608025446537,0.10279375513557928,0.11580408487011701,0.0,0.04223776223776224,0.17289946576007773,0.02168674698795181,0.060000000000000005,0.1494435612082671,0.09346330275229359
Jagung,Sayur,1.0,gram (g),0.1276595744680851,0.018133911965282083,0.0031808172253486662,0.04593262119967133,0.02293608301936678,0.0,0.09006993006993008,0.2309373482272948,0.032530120481927716,0.049538461538461545,0.007949125596184421,0.1548165137614679
Jagung Manis Kuning,Sayur,1.0,gram (g),0.1276595744680851,0.018133911965282083,0.0031808172253486662,0.04593262119967133,0.02293608301936678,0.0,0.09006993006993008,0.2309373482272948,0.032530120481927716,0.049538461538461545,0.007949125596184421,0.1548165137614679
Jagung Kecil/Tunas Jagung,Sayur,1.0,gram (g),0.12006079027355623,0.015344079355238687,0.002691460729141179,0.03870172555464256,0.019300680811686167,0.0,0.0732867132867133,0.22571636716852841,0.024096385542168676,0.05384615384615385,0.11340752517223106,0.1118119266055046
"Jagung Manis Kuning (Kernel Utuh, Padat Dikeringkan, Kalengan)",Sayur,1.0,gram (g),0.12006079027355623,0.015344079355238687,0.002691460729141179,0.03870172555464256,0.019300680811686167,0.0,0.0732867132867133,0.22571636716852841,0.024096385542168676,0.05384615384615385,0.11340752517223106,0.1118119266055046
Jamur,Sayur,1.0,gram (g),0.0303951367781155,0.005114693118412896,0.0008738508860847984,0.013147082990961382,0.0,0.0,0.08643356643356644,0.0398251578436134,0.012048192771084338,0.025384615384615384,0.0026497085320614736,0.18233944954128442
"Jamur (Kering Padat, Kaleng)",Sayur,1.0,gram (g),0.034954407294832825,0.0043397396156230625,0.0006641266734244468,0.009285127362366476,0.0003304911097891467,0.0,0.05230769230769231,0.06180184555609519,0.02891566265060241,0.03384615384615385,0.22522522522522523,0.07396788990825688
Potongan-Potongan Jamur dan Batang,Sayur,0.0,mangkok,0.019756838905775075,0.0035647861128332305,0.000611695620259359,0.009202958093672966,0.0,0.0,0.060419580419580426,0.027926177756192324,0.008433734939759036,0.017846153846153845,0.0021197668256491787,0.12786697247706422
Jamur Portabella,Sayur,1.0,gram (g),0.0364741641337386,0.0029448233106013646,0.00045440246076409514,0.006409202958093673,0.00019829466587348803,0.0,0.06993006993006994,0.06155900922778048,0.01807228915662651,0.027692307692307693,0.003179650238473768,0.2775229357798165
Jamur Tiram,Sayur,1.0,gram (g),0.05015197568389058,0.006664600123992562,0.00034954035443391935,0.0032867707477403454,0.0006609822195782934,0.0,0.09342657342657343,0.07807187955318115,0.02891566265060241,0.01707692307692308,0.009538950715421305,0.2408256880733945
Kacang Hijau,Sayur,1.0,gram (g),0.12006079027355623,0.006044637321760696,0.0012408682582404137,0.015365653245686114,0.002313437768524027,0.0,0.1516083916083916,0.1755706653715396,0.06144578313253012,0.08723076923076924,0.0026497085320614736,0.13990825688073394
Kacang Polong,Sayur,1.0,gram (g),0.060790273556231,0.0029448233106013646,0.0006816036911461427,0.007313064913722267,0.0013880626611144163,0.0,0.07832167832167831,0.09167071393880524,0.03132530120481928,0.06153846153846154,0.0021197668256491787,0.11467889908256881
Kacang Hijau (Beku),Sayur,0.010101010101010102,mangkok,0.08054711246200608,0.00402975821450713,0.0008388968506414065,0.010353327855382087,0.0015863573269879042,0.0,0.1048951048951049,0.11983972802331228,0.03614457831325302,0.05953846153846154,0.04292527821939587,0.06135321100917432
Kacang Hijau Dimasak (Kalengan),Sayur,0.0,mangkok,0.22492401215805471,0.0666460012399256,0.01399909119507847,0.11216105176663928,0.11924119241192414,0.0,0.2109090909090909,0.26117047110247693,0.08433734939759037,0.10907692307692309,0.24377318494965555,0.16972477064220184
Kembang Kol,Sayur,1.0,gram (g),0.034954407294832825,0.001394916305021699,0.000559264567094271,0.008134757600657355,0.0009253751074096108,0.0,0.055384615384615386,0.0643516270033997,0.030120481927710843,0.036923076923076927,0.015898251192368842,0.17373853211009174
Kembang Kol (Beku),Sayur,0.010101010101010102,"mangkok  (potongan 2,5 cm)",0.02127659574468085,0.002634841909485431,0.0004718794784857911,0.006902218570254725,0.0008592768854517814,0.0,0.037202797202797205,0.037518212724623606,0.01807228915662651,0.022615384615384617,0.008479067302596715,0.0728211009174312
Kembang Kol Dimasak (Lemak tidak Ditambahkan dalam Masakan),Sayur,1.0,gram (g),0.0303951367781155,0.005579665220086795,0.0010136670278583662,0.014708299096138045,0.0017185537709035628,0.0,0.04895104895104895,0.04808159300631375,0.032530120481927716,0.019692307692307693,0.1505034446210917,0.08027522935779817
"Kembang Kol Dimasak (dari Beku, Lemak tidak Ditambahkan dalam Masakan)",Sayur,0.0,mangkok,0.0486322188449848,0.006044637321760696,0.001048621063301758,0.015119145439605587,0.0017846519928613922,0.0,0.08055944055944056,0.08147158814958717,0.05903614457831326,0.028769230769230773,0.21356650768415475,0.14220183486238533
"Kembang Kol Dimasak (dari Segar, Lemak tidak Ditambahkan dalam Masakan)",Sayur,1.0,gram (g),0.031914893617021274,0.006819590824550528,0.001205914222797022,0.017666392769104356,0.002115143102650539,0.0,0.05118881118881119,0.04953861097620204,0.032530120481927716,0.021538461538461538,0.16587175410704824,0.08084862385321101
Kentang Putih (Daging dan Kulit),Sayur,1.0,gram (g),0.1033434650455927,0.001394916305021699,0.00045440246076409514,0.0034511092851273626,0.0001321964439156587,0.0,0.04699300699300699,0.19074793589120934,0.02891566265060241,0.01769230769230769,0.003179650238473768,0.23337155963302753
"Kentang Putih (Daging dan Kulit, Dipanggang)",Sayur,1.0,gram (g),0.1398176291793313,0.0021698698078115317,0.00038449438987731124,0.0030402629416598193,0.0001321964439156587,0.0,0.058741258741258746,0.25594949004371054,0.025301204819277112,0.02353846153846154,0.0037095919448860626,0.3119266055045872
Kentang Tumbuk,Sayur,1.0,gram (g),0.14893617021276595,0.05471171729696219,0.013824321017861511,0.08036154478225144,0.10423689602749688,0.0025,0.05034965034965035,0.1908693540553667,0.01566265060240964,0.02123076923076923,0.12241653418124007,0.14908256880733944
Kentang Panggang,Sayur,1.0,gram (g),0.22340425531914893,0.10833849969001862,0.01572931594952637,0.2828266228430567,0.15394275893978454,0.0,0.06489510489510489,0.24356483729966003,0.030120481927710843,0.013846153846153847,0.05352411234764176,0.2769495412844037
"Kentang (Daging, dengan Garam, Direbus)",Sayur,1.0,gram (g),0.12917933130699089,0.001394916305021699,0.00045440246076409514,0.0035332785538208706,0.0001321964439156587,0.0,0.05230769230769231,0.24441476444876153,0.024096385542168676,0.013384615384615385,0.12718600953895073,0.2173165137614679
Kentang Panggang (Kulit Dimakan),Sayur,1.0,gram (g),0.16261398176291794,0.033942963422194675,0.007392778496277394,0.054560394412489735,0.06490845396258842,0.0,0.06797202797202798,0.24927149101505588,0.025301204819277112,0.017538461538461537,0.12453630100688926,0.29759174311926606
Kentang Panggang (Kulit tidak Dimakan),Sayur,1.0,gram (g),0.13677811550151975,0.001394916305021699,0.00045440246076409514,0.0035332785538208706,0.0001321964439156587,0.0,0.05454545454545454,0.25971345313258865,0.01807228915662651,0.026000000000000002,0.15209326974032858,0.22247706422018348
Kentang Panggang Diisi dengan Krim Asam (Kulit Dimakan),Sayur,0.0,sedang,0.4772036474164134,0.2478301301921885,0.14427278129260024,0.13459326211996714,0.34648687950294144,0.065,0.17174825174825173,0.4748664400194269,0.04578313253012048,0.032615384615384616,0.2390037095919449,0.5779816513761469
Kentang Panggang yang Diisi Daging Babi dan Keju (Kulit Dimakan),Sayur,0.0,sedang,0.48632218844984804,0.21249225046497214,0.10211821454786954,0.14823336072308957,0.3287064577962853,0.075,0.33174825174825173,0.47255949490043714,0.04578313253012048,0.06353846153846154,0.4896661367249603,0.5986238532110092
Kentang Panggang Diisi dengan Keju (Kulit Dimakan),Sayur,0.0,sedang,0.4346504559270517,0.17172969621822692,0.08707050228948932,0.12382908792111749,0.251768127437372,0.0575,0.2668531468531468,0.4723166585721224,0.04457831325301205,0.06369230769230769,0.4122946475887653,0.5779816513761469
Kentang Tumbuk (dari Kentang Segar),Sayur,1.0,gram (g),0.182370820668693,0.10771853688778675,0.02787584326610507,0.15480690221857024,0.20622645250842755,0.0075,0.05902097902097902,0.1605148130160272,0.012048192771084338,0.03446153846153847,0.20773714891361952,0.13761467889908258
Kentang Tumbuk (dari Kentang Kering),Sayur,1.0,gram (g),0.15653495440729484,0.08601983880967143,0.022265720577440664,0.123746918652424,0.16451847445303722,0.005,0.0565034965034965,0.1483729966002914,0.010843373493975905,0.028769230769230773,0.17276099629040806,0.10665137614678899
Kentang Tumbuk (Ditambahkan Susu ),Sayur,1.0,gram (g),0.12310030395136778,0.008679479231246125,0.00442168548358908,0.0045193097781429745,0.006874215083614251,0.005,0.053706293706293706,0.2128460417678485,0.01807228915662651,0.023230769230769232,0.160042395336513,0.17087155963302753
Kentang Tumbuk (Ditambahkan Susu dan Mentega ),Sayur,1.0,gram (g),0.16869300911854104,0.0652510849349039,0.036317242825684215,0.012243221035332786,0.010575715513252695,0.0021275,0.05230769230769231,0.20361826129188926,0.13253012048192772,0.023076923076923078,0.0007578166401695813,0.18176605504587157
Mentimun (dengan Kulit),Sayur,1.0,gram (g),0.019756838905775075,0.0015499070055796655,0.000594218602537663,0.004354971240755957,0.00019829466587348803,0.0,0.01818181818181818,0.044074793589120934,0.006024096385542169,0.02569230769230769,0.0010598834128245894,0.08428899082568808
Mentimun (Kupas),Sayur,1.0,gram (g),0.01519756838905775,0.002324860508369498,0.00022720123038204757,0.00024650780608052587,0.0001321964439156587,0.0,0.0165034965034965,0.02622632345798932,0.008433734939759036,0.02123076923076923,0.0010598834128245894,0.0779816513761468
Kubis,Sayur,1.0,gram (g),0.03343465045592705,0.001704897706137632,0.0002796322835471355,0.0049301561216105174,0.000594883997620464,0.0,0.04027972027972028,0.06775133559980573,0.027710843373493974,0.05507692307692308,0.009538950715421305,0.14105504587155965
Kubis Merah,Sayur,1.0,gram (g),0.044072948328267476,0.002324860508369498,0.000594218602537663,0.010271158586688579,0.0012558662171987575,0.0,0.04,0.0894851869839728,0.025301204819277112,0.06015384615384616,0.014308426073131956,0.1393348623853211
Kubis Hijau,Sayur,1.0,gram (g),0.03343465045592705,0.001704897706137632,0.0002796322835471355,0.0049301561216105174,0.000594883997620464,0.0,0.04027972027972028,0.06775133559980573,0.027710843373493974,0.05507692307692308,0.009538950715421305,0.14105504587155965
Kubis Savoy,Sayur,0.0,"mangkok, parut",0.025835866261398176,0.0009299442033477994,0.0001572931594952637,0.0027937551355792936,0.0003304911097891467,0.0,0.03916083916083916,0.051845556095191835,0.026506024096385545,0.024461538461538465,0.010598834128245894,0.09231651376146789
Kubis Cina,Sayur,1.0,gram (g),0.016717325227963525,0.0029448233106013646,0.00045440246076409514,0.007888249794576828,0.00099147332936744,0.0,0.04195804195804196,0.026469159786304035,0.012048192771084338,0.018153846153846152,0.034446210916799155,0.14449541284403672
Labu,Sayur,1.0,gram (g),0.0364741641337386,0.001394916305021699,0.0009088049215281903,0.0004108463434675432,0.0008592768854517814,0.0,0.027972027972027972,0.07892180670228266,0.006024096385542169,0.020923076923076926,0.0005299417064122947,0.19495412844036697
"Labu (tanpa Garam, Kaleng)",Sayur,0.0,mangkok,0.12310030395136778,0.010539367637941725,0.006256772344367156,0.0030402629416598193,0.00601493819816247,0.0,0.07552447552447553,0.24065080135988345,0.0855421686746988,0.12430769230769231,0.006359300476947536,0.28956422018348627
Labu Dimasak,Sayur,1.0,gram (g),0.0668693009118541,0.02696838189708618,0.007340347443112306,0.036811832374691864,0.04851609491704673,0.0,0.030209790209790213,0.09640602234094221,0.033734939759036145,0.049538461538461545,0.08797032326444092,0.1158256880733945
Lobak,Sayur,1.0,gram (g),0.03951367781155015,0.001394916305021699,0.00019224719493865562,0.004354971240755957,0.00039658933174697606,0.0,0.025174825174825177,0.07807187955318115,0.02168674698795181,0.05846153846153846,0.03550609432962375,0.10951834862385322
Lobak Dimasak,Sayur,1.0,gram (g),0.060790273556231,0.036577805331680105,0.007654933762102834,0.05850451930977814,0.07178266904620267,0.0,0.0193006993006993,0.05998057309373483,0.02289156626506024,0.04430769230769231,0.1404345521992581,0.09805045871559634
Paprika Hijau,Sayur,1.0,gram (g),0.02735562310030395,0.0024798512089274647,0.0010136670278583662,0.005094494658997535,0.0005287857756626347,0.0,0.024055944055944054,0.056338028169014086,0.020481927710843374,0.036923076923076927,0.001589825119236884,0.10034403669724772
Paprika Jalapeno,Sayur,0.0,lada/merica,0.00303951367781155,0.0012399256044637323,0.0001572931594952637,0.0036976170912078883,0.0003304911097891467,0.0,0.005314685314685315,0.01007770762506071,0.004819277108433735,0.0073846153846153844,0.0,0.017201834862385322
Paprika Hijau Pedas,Sayur,1.0,gram (g),0.057750759878419454,0.0029448233106013646,0.0003670173721556153,0.00895645028759244,0.0007270804415361227,0.0,0.055944055944055944,0.11486158329286063,0.01807228915662651,0.07846153846153846,0.0037095919448860626,0.19495412844036697
"Sayuran Campur (Kering Padatan, Kaleng)",Sayur,0.0,mangkok,0.11854103343465046,0.006199628022318661,0.0014505924709007653,0.015940838126540676,0.0017185537709035628,0.0,0.11804195804195804,0.18322000971345315,0.05903614457831326,0.06138461538461539,0.12877583465818762,0.2717889908256881
"Sayuran Campur Matang (Jagung, Kacang Lima, Kacang Polong, Kacang Hijau dan Wortel)",Sayur,1.0,gram (g),0.12006079027355623,0.03270303781773094,0.0069908070886783875,0.053245686113393594,0.062198426862317406,0.0,0.07776223776223776,0.15468674113647402,0.051807228915662654,0.04707692307692308,0.13195548489666137,0.09403669724770643
"Sayuran Campur (Jagung, Kacang Lima, Kacang Polong, Kacang Hijau, Wortel) (tanpa Tambahan Garam, Kaleng)",Sayur,0.0,mangkok,0.09878419452887538,0.005424674519528829,0.0012408682582404137,0.014626129827444535,0.0026439288783131737,0.0,0.07132867132867132,0.16148615832928606,0.06746987951807229,0.06861538461538462,0.02490726020137785,0.14392201834862386
Selada,Sayur,1.0,gram (g),0.0182370820668693,0.002014879107253565,0.0003145863189905274,0.006080525883319639,0.00039658933174697606,0.0,0.025174825174825177,0.036061194754735314,0.014457831325301205,0.02707692307692308,0.005299417064122947,0.08084862385321101
Selada Daun Hijau,Sayur,1.0,gram (g),0.019756838905775075,0.0021698698078115317,0.00034954035443391935,0.006737880032867708,0.00039658933174697606,0.0,0.03804195804195804,0.033875667799902864,0.01566265060240964,0.012,0.01483836777954425,0.11123853211009174
Salad Sayuran Hijau Campur,Sayur,0.0,"mangkok, parut atau cincang",0.010638297872340425,0.0018598884066955987,0.0003670173721556153,0.0051766639276910435,0.0002643928878313174,0.0,0.023496503496503496,0.021369596891694997,0.013253012048192772,0.0073846153846153844,0.008479067302596715,0.09174311926605505
Selada Arugula,Sayur,1.0,gram (g),0.034954407294832825,0.010074395536267825,0.001503023524065853,0.026211996713229255,0.003238812875933638,0.0,0.07216783216783217,0.044317629917435646,0.01927710843373494,0.031538461538461536,0.014308426073131956,0.21158256880733947
Selada Gunung Es (Termasuk Jenis Crisphead),Sayur,1.0,gram (g),0.0182370820668693,0.002014879107253565,0.0003145863189905274,0.006080525883319639,0.00039658933174697606,0.0,0.025174825174825177,0.036061194754735314,0.014457831325301205,0.02707692307692308,0.005299417064122947,0.08084862385321101
Seledri,Sayur,1.0,gram (g),0.0182370820668693,0.0024798512089274647,0.0007515117620329265,0.006655710764174199,0.002115143102650539,0.0,0.0193006993006993,0.036061194754735314,0.01927710843373494,0.028153846153846158,0.04239533651298358,0.14908256880733944
Seledri Dimasak,Sayur,1.0,gram (g),0.05623100303951368,0.039212647241165535,0.00849383061274424,0.06327033689400165,0.07621124991737724,0.0,0.02265734265734266,0.047717338513841676,0.01807228915662651,0.03523076923076923,0.16269210386857447,0.15768348623853212
Terung,Sayur,1.0,gram (g),0.03343465045592705,0.0027898326100433976,0.000594218602537663,0.006244864420706655,0.0010575715513252695,0.0,0.02825174825174825,0.06920835356969403,0.04096385542168675,0.036153846153846154,0.0010598834128245894,0.13188073394495414
Terung Dimasak,Sayur,1.0,gram (g),0.09574468085106383,0.05951642901425915,0.012635883812786184,0.09474116680361545,0.11468041509683391,0.0,0.0220979020979021,0.10089849441476446,0.02891566265060241,0.046461538461538464,0.2586115527291998,0.06708715596330275
Terong Goreng,Sayur,1.0,gram (g),0.22188449848024316,0.16646001239925606,0.03701632353455206,0.2847165160230074,0.3020027761253223,0.04,0.06713286713286713,0.1406022340942205,0.03734939759036145,0.037076923076923084,0.03285638579756227,0.1272935779816514
Tomat,Sayur,1.0,gram (g),0.0243161094224924,0.0029448233106013646,0.0008039428151980145,0.011092851273623666,0.0033710093198492963,0.0,0.024615384615384615,0.047595920349684316,0.014457831325301205,0.040461538461538465,0.0026497085320614736,0.13589449541284404
Tomat Merah,Sayur,0.0,"utuh sedang (diameter 6,5 cm)",0.0303951367781155,0.003719776813391197,0.0009961900101366702,0.013640098603122434,0.004164187983343249,0.0,0.030209790209790213,0.058523555123846535,0.01807228915662651,0.049692307692307695,0.003179650238473768,0.16743119266055045
Tomat Merah (Kaleng),Sayur,0.0,mangkok,0.05927051671732523,0.004649721016738996,0.0007515117620329265,0.010682004930156122,0.0033049110978914673,0.0,0.053706293706293706,0.11389023797960177,0.026506024096385545,0.09446153846153846,0.16269210386857447,0.2586009174311927
Tomat Ceri,Sayur,1.0,gram (g),0.0243161094224924,0.0029448233106013646,0.0008039428151980145,0.011092851273623666,0.0033710093198492963,0.0,0.024615384615384615,0.047595920349684316,0.014457831325301205,0.040461538461538465,0.0026497085320614736,0.13589449541284404
Ubi Jalar (Manis),Sayur,1.0,gram (g),0.1276595744680851,0.0006199628022318662,0.0003145863189905274,0.0011503697617091207,6.609822195782934e-05,0.0,0.04391608391608392,0.2442933462846042,0.03614457831325302,0.0643076923076923,0.029146793852676208,0.19323394495412846
"Ubi Jalar (tanpa Kulit, Dimasak, Direbus)",Sayur,1.0,gram (g),0.11246200607902736,0.002014879107253565,0.0006990807088678387,0.006573541495480691,0.0,0.0,0.03832167832167833,0.21515298688683826,0.030120481927710843,0.08830769230769231,0.014308426073131956,0.13188073394495414
"Ubi Jalar (tanpa Garam, Dipanggang dengan Kulitnya, Dimasak)",Sayur,1.0,gram (g),0.1337386018237082,0.0021698698078115317,0.0009088049215281903,0.007888249794576828,0.0001321964439156587,0.0,0.056223776223776216,0.25145701796988834,0.03975903614457831,0.12984615384615383,0.01907790143084261,0.2723623853211009
"Ubi Jalar/Manis (Tumbuk, Kaleng)",Sayur,1.0,gram (g),0.15045592705167174,0.0029448233106013646,0.0007165577265895347,0.006902218570254725,0.0005287857756626347,0.0,0.055384615384615386,0.2815687226809131,0.020481927710843374,0.08384615384615385,0.0397456279809221,0.12041284403669725
Ubi Rambat,Sayur,1.0,gram (g),0.1762917933130699,0.0024798512089274647,0.0006466496557027508,0.006244864420706655,0.00039658933174697606,0.0,0.042797202797202796,0.3385138416707139,0.04939759036144578,0.007692307692307693,0.004769475357710652,0.46788990825688076
"Ubi Jalar (dengan Garam, Dikeringkan, Dimasak, Direbus)",Sayur,1.0,gram (g),0.17325227963525835,0.002014879107253565,0.0005068335139291831,0.0049301561216105174,0.0003304911097891467,0.0,0.04167832167832168,0.3348712967459932,0.046987951807228916,0.007538461538461539,0.1293057763645999,0.3841743119266055
"Ubi Rambat (tanpa Garam, Dikeringkan, Dimasak, Direbus, Dipanggang)",Sayur,1.0,gram (g),0.17325227963525835,0.002014879107253565,0.0005068335139291831,0.0049301561216105174,0.0003304911097891467,0.0,0.04167832167832168,0.3348712967459932,0.046987951807228916,0.007538461538461539,0.0042395336512983575,0.3841743119266055
Wortel,Sayur,1.0,gram (g),0.05927051671732523,0.0035647861128332305,0.0006466496557027508,0.0,0.0077334919690660335,3.5000000000000004e-05,0.026013986013986017,0.11631860126274891,0.0,0.043076923076923075,0.0024059353471118177,0.03956422018348624
Wortel Bayi,Sayur,0.0,sedang,0.00303951367781155,0.0,3.495403544339194e-05,0.0004930156121610517,6.609822195782934e-05,0.0,0.0016783216783216783,0.00995628946090335,0.0024096385542168677,0.0073846153846153844,0.0042395336512983575,0.013761467889908258
Wortel Dimasak,Sayur,1.0,gram (g),0.0790273556231003,0.038282703037817736,0.008179244293753713,0.06392769104354971,0.07231145482186531,0.0,0.020699300699300698,0.097013113161729,0.03493975903614458,0.05123076923076923,0.16216216216216217,0.1301605504587156
"Wortel (Padat dan Cair, Kaleng)",Sayur,0.010101010101010102,"mangkok, irisan",0.03951367781155015,0.0024798512089274647,0.000541787549372575,0.006573541495480691,0.0004626875537048054,0.0,0.019860139860139858,0.0802574065080136,0.026506024096385545,0.046615384615384614,0.15633280339162692,0.12213302752293578
Zaitun,Sayur,1.0,gram (g),0.17477203647416414,0.17451952882827032,0.02609318745849208,0.0790468364831553,0.5502015995769715,0.0,0.025734265734265734,0.0655658086449733,0.03734939759036145,0.0024615384615384616,0.5739268680445151,0.010321100917431193
Zaitun Hitam,Sayur,1.0,gram (g),0.15653495440729484,0.1477061376317421,0.022073473382502005,0.06688578471651602,0.4655297772489921,0.0,0.024615384615384615,0.07357940747935891,0.03614457831325302,0.0,0.46634870164281933,0.0045871559633027525
Zaitun Hijau,Sayur,0.0,10 porsi kecil,0.060790273556231,0.06866088034717918,0.010276486420357228,0.03114215283483977,0.21686826624363809,0.0,0.008391608391608392,0.013477416221466733,0.012048192771084338,0.0024615384615384616,0.2390037095919449,0.006880733944954129
Zaitun Hijau Isi,Sayur,0.0,10 porsi kecil,0.06382978723404255,0.06943583384996901,0.0103988255444091,0.03204601479046837,0.21871901645845732,0.0,0.00979020979020979,0.01663428848955804,0.013253012048192772,0.004615384615384616,0.24165341812400637,0.011467889908256881
"Zaitun Hijau (Acar, Kaleng atau Botol)",Sayur,1.0,gram (g),0.21732522796352582,0.23729076255424678,0.03546086895732112,0.10739523418241577,0.7478352832308812,0.0,0.028811188811188812,0.04662457503642545,0.03975903614457831,0.00830769230769231,0.8245892951775305,0.02408256880733945
Dendeng Sapi,Snack (Makanan Ringan),0.0,"buah, besar",0.12158054711246201,0.0792002479851209,0.03792512845608025,0.016598192276088743,0.14944807984665215,0.025,0.1857342657342657,0.02671199611461875,0.004819277108433735,0.027692307692307693,0.23476417594064655,0.06823394495412845
Keripik Kentang,Snack (Makanan Ringan),1.0,gram (g),0.8282674772036475,0.5805951642901426,0.19154811422978782,1.0,0.6504065040650407,0.0,0.18349650349650348,0.6039339485186984,0.05301204819277109,0.06338461538461539,0.2782193958664547,0.94151376146789
Keripik Jagung Tawar,Snack (Makanan Ringan),1.0,gram (g),0.78419452887538,0.440173589584625,0.06312698801076584,0.05209531635168447,0.926036089629189,0.0197825,0.16867132867132867,0.7650558523555124,0.0,0.08153846153846155,0.0006147323794382618,0.3532110091743119
Keripik Jagung Tortilla,Snack (Makanan Ringan),1.0,gram (g),0.7386018237082067,0.36190328580285186,0.04295850955992869,0.8180772391125719,0.6292550730385353,0.0,0.2179020979020979,0.793103448275862,0.06385542168674699,0.015384615384615385,0.22310545839957607,0.12327981651376148
Keripik Kentang (Asin),Snack (Makanan Ringan),1.0,gram (g),0.8282674772036475,0.5805951642901426,0.19154811422978782,1.0,0.6504065040650407,0.0,0.18349650349650348,0.6039339485186984,0.05301204819277109,0.06338461538461539,0.2782193958664547,0.94151376146789
Keripik Kentang Bebas Lemak,Snack (Makanan Ringan),0.0,mangkok,0.11246200607902736,0.001704897706137632,0.000524310531650879,0.00419063270336894,0.00019829466587348803,0.0,0.053986013986013985,0.20337542496357455,0.01807228915662651,0.011384615384615385,0.06836248012718601,0.18692660550458717
Keripik Kentang dengan Lemak yang Dikurangi,Snack (Makanan Ringan),1.0,gram (g),0.7127659574468085,0.32222566646001244,0.07270439372225523,0.8989317995069843,0.31727146539758083,0.0,0.19860139860139858,0.8122875182127247,0.07108433734939759,0.003384615384615385,0.26073131955484896,1.0
Kerupuk / Biskuit,Snack (Makanan Ringan),0.0,"kerupuk, segi empat",0.02735562310030395,0.015499070055796656,0.0026390296759760913,0.031388660640920295,0.0281578425540353,0.0,0.008391608391608392,0.02962603205439534,0.0012048192771084338,0.001076923076923077,0.018018018018018018,0.0028669724770642203
Kerupuk Asin,Snack (Makanan Ringan),0.0,kerupuk,0.016717325227963525,0.005114693118412896,0.0008738508860847984,0.0030402629416598193,0.013880626611144161,0.0,0.007832167832167832,0.02586206896551724,0.0012048192771084338,0.00015384615384615385,0.01695813460519343,0.0028669724770642203
Kerupuk Gandum,Snack (Makanan Ringan),0.0,kerupuk,0.010638297872340425,0.006199628022318661,0.0018176098430563805,0.004601479046836483,0.01513649282834292,0.0,0.004755244755244755,0.015784361340456535,0.0012048192771084338,0.004,0.008479067302596715,0.0022935779816513763
Biskuit Keju,Snack (Makanan Ringan),0.0,"kerupuk 2,5 cm persegi",0.004559270516717326,0.003719776813391197,0.001642839665839421,0.002054231717337716,0.00799788485689735,0.0,0.002797202797202797,0.007042253521126761,0.0,0.0,0.005299417064122947,0.0005733944954128441
Kue Beras Merah,Snack (Makanan Ringan),0.0,kue,0.05015197568389058,0.003719776813391197,0.0008913279038064943,0.007313064913722267,0.006147134642078129,0.0,0.020699300699300698,0.08912093249150073,0.004819277108433735,0.0012307692307692308,0.015368309485956546,0.014908256880733946
Permen Karet (tanpa Gula),Snack (Makanan Ringan),0.0,buah,0.004559270516717326,0.0,1.747701772169597e-05,0.0004108463434675432,0.0001321964439156587,0.0,0.0,0.02306945118989801,0.0,0.0,0.0,0.0
Permen Karet (Manis),Snack (Makanan Ringan),0.0,buah,0.0121580547112462,0.0,3.495403544339194e-05,0.0004108463434675432,0.00019829466587348803,0.0,0.0,0.0320543953375425,0.0012048192771084338,0.04061538461538462,0.0,0.0
Permen Karet,Snack (Makanan Ringan),0.0,batang,0.007598784194528875,0.0,1.747701772169597e-05,0.00032867707477403455,0.0001321964439156587,0.0,0.0,0.024040796503156873,0.0012048192771084338,0.030461538461538464,0.0,0.0
Popcorn,Snack (Makanan Ringan),1.0,gram (g),0.5851063829787234,0.07021078735275885,0.011132860288720332,0.190468364831553,0.06279331085993788,0.0,0.36195804195804193,0.9443904808159301,0.1746987951807229,0.013384615384615385,0.0042395336512983575,0.1886467889908257
Selai Kacang dan Sandwich Jeli,Snack (Makanan Ringan),0.0,sandwich,0.4939209726443769,0.22039677619342843,0.05122513894229088,0.34149548069022184,0.411725824575319,0.0,0.28867132867132866,0.5127489072365226,0.03493975903614458,0.1863076923076923,0.25596184419713836,0.1272935779816514
Sandwich Daging Sapi Panggang,Snack (Makanan Ringan),0.0,sandwich,0.5151975683890577,0.2089274643521389,0.08874829599077214,0.08693508627773214,0.3532949963645978,0.1675,0.7510489510489511,0.31593006313744537,0.014457831325301205,0.03415384615384616,0.3190249072602014,0.20986238532110094
Sandwich Keju,Snack (Makanan Ringan),0.0,sandwich,0.39361702127659576,0.19621822690638563,0.09399140130728091,0.17329498767460969,0.27833961266441937,0.055,0.2545454545454545,0.33511413307430793,0.014457831325301205,0.06076923076923078,0.3889772125066243,0.0728211009174312
Sushi,Snack (Makanan Ringan),0.0,buah,0.05319148936170213,0.0015499070055796655,0.00040197140759900727,0.002711585866885785,0.0021812413246083684,0.0025,0.03132867132867133,0.09434191355026712,0.0024096385542168677,0.025076923076923077,0.08214096449390568,0.0194954128440367
Sushi dengan Sayuran dan Seafood,Snack (Makanan Ringan),0.0,buah,0.05167173252279635,0.0015499070055796655,0.00045440246076409514,0.0026294165981922764,0.0015202591050300748,0.005,0.03916083916083916,0.08681398737251093,0.0036144578313253013,0.022615384615384617,0.0296767355590885,0.0194954128440367
Sushi dengan Sayuran,Snack (Makanan Ringan),0.0,buah,0.0547112462006079,0.0009299442033477994,0.0003145863189905274,0.0018898931799506984,0.001123669773283099,0.0,0.022377622377622378,0.10004856726566295,0.0036144578313253013,0.026153846153846156,0.03285638579756227,0.014908256880733946
Sushi dengan Sayuran yang Digulung dengan Rumput Laut,Snack (Makanan Ringan),0.0,buah,0.044072948328267476,0.0007749535027898327,0.0002971093012688315,0.0014790468364831552,0.001189767995240928,0.0,0.015944055944055943,0.08147158814958717,0.0012048192771084338,0.017846153846153845,0.013248542660307366,0.009174311926605505
Sashimi Salmon,Snack (Makanan Ringan),0.0,buah,0.05927051671732523,0.02588344699318041,0.00623929532664546,0.04642563681183237,0.03998942428448675,0.0325,0.17146853146853147,0.0,0.0,0.0,0.006889242183359831,0.06880733944954129
